Person ID,Gender,Age,Occupation,Sleep Duration,Quality of Sleep,Physical Activity Level,Stress Level,BMI Category,Blood Pressure,Heart Rate,Daily Steps,Sleep Disorder,Stress Management,Sleep Hygiene,Exercise and Physical Activity,Diet and Nutrition
1,Male,27,Software Engineer,6.1,6,42,6,Overweight,126/83,77,4200,None,Practice deep breathing exercises to lower stress levels.,Avoid caffeine after 3 PM to improve sleep quality.,Add moderate cardio activities like swimming or cycling.,Follow a balanced meal plan rich in lean protein and fiber.
2,Male,28,Doctor,6.2,6,60,8,Normal,125/80,75,10000,None,Take frequent breaks to reduce mental fatigue.,Maintain a strict bedtime to regulate your sleep cycle.,Incorporate strength training twice a week to build muscle.,Incorporate more fruits and vegetables into your meals.
3,Male,28,Doctor,6.2,6,60,8,Normal,125/80,75,10000,None,Take a walk in nature to clear your mind and reduce stress.,Adjust your bedroom temperature for optimal comfort.,Start with low-impact exercises like walking or yoga.,Incorporate more fruits and vegetables into your meals.
4,Male,28,Sales Representative,5.9,4,30,8,Obese,140/90,85,3000,Sleep Apnea,Practice deep breathing exercises to lower stress levels.,Consider a sleep study for potential underlying issues.,Incorporate strength training twice a week to build muscle.,Incorporate more fruits and vegetables into your meals.
5,Male,28,Sales Representative,5.9,4,30,8,Obese,140/90,85,3000,Sleep Apnea,Connect with a support group to talk about your concerns.,Use a weighted blanket to improve sleep quality.,Incorporate strength training twice a week to build muscle.,Follow a balanced meal plan rich in lean protein and fiber.
6,Male,28,Software Engineer,5.9,4,30,8,Obese,140/90,85,3000,Insomnia,Connect with a support group to talk about your concerns.,Create a calming bedtime ritual like reading or stretching.,Incorporate strength training twice a week to build muscle.,Limit salt intake to maintain healthy blood pressure.
7,Male,29,Teacher,6.3,6,40,7,Obese,140/90,82,3500,Insomnia,Take a walk in nature to clear your mind and reduce stress.,Adjust your bedroom temperature for optimal comfort.,Add moderate cardio activities like swimming or cycling.,Follow a balanced meal plan rich in lean protein and fiber.
8,Male,29,Doctor,7.8,7,75,6,Normal,120/80,70,8000,None,Connect with a support group to talk about your concerns.,Avoid caffeine after 3 PM to improve sleep quality.,Incorporate strength training twice a week to build muscle.,Switch to whole grains instead of refined carbs.
9,Male,29,Doctor,7.8,7,75,6,Normal,120/80,70,8000,None,Practice deep breathing exercises to lower stress levels.,Avoid caffeine after 3 PM to improve sleep quality.,Start with low-impact exercises like walking or yoga.,Limit salt intake to maintain healthy blood pressure.
10,Male,29,Doctor,7.8,7,75,6,Normal,120/80,70,8000,None,Set boundaries at work to avoid burnout.,Use a weighted blanket to improve sleep quality.,Start with low-impact exercises like walking or yoga.,Incorporate more fruits and vegetables into your meals.
11,Male,29,Doctor,6.1,6,30,8,Normal,120/80,70,8000,None,Take frequent breaks to reduce mental fatigue.,Adjust your bedroom temperature for optimal comfort.,Start with low-impact exercises like walking or yoga.,Follow a balanced meal plan rich in lean protein and fiber.
12,Male,29,Doctor,7.8,7,75,6,Normal,120/80,70,8000,None,Practice deep breathing exercises to lower stress levels.,Maintain a strict bedtime to regulate your sleep cycle.,Join a recreational sports team to stay motivated.,Follow a balanced meal plan rich in lean protein and fiber.
13,Male,29,Doctor,6.1,6,30,8,Normal,120/80,70,8000,None,Engage in 20-minute mindfulness meditation sessions.,Adjust your bedroom temperature for optimal comfort.,Add moderate cardio activities like swimming or cycling.,Limit salt intake to maintain healthy blood pressure.
14,Male,29,Doctor,6.0,6,30,8,Normal,120/80,70,8000,None,Connect with a support group to talk about your concerns.,Use a weighted blanket to improve sleep quality.,Start with 10-minute walks and gradually increase activity.,Incorporate more fruits and vegetables into your meals.
15,Male,29,Doctor,6.0,6,30,8,Normal,120/80,70,8000,None,Practice deep breathing exercises to lower stress levels.,Maintain a strict bedtime to regulate your sleep cycle.,Add moderate cardio activities like swimming or cycling.,Switch to whole grains instead of refined carbs.
16,Male,29,Doctor,6.0,6,30,8,Normal,120/80,70,8000,None,Take frequent breaks to reduce mental fatigue.,Adjust your bedroom temperature for optimal comfort.,Add moderate cardio activities like swimming or cycling.,Follow a balanced meal plan rich in lean protein and fiber.
17,Female,29,Nurse,6.5,5,40,7,Normal Weight,132/87,80,4000,Sleep Apnea,Take a walk in nature to clear your mind and reduce stress.,Use a weighted blanket to improve sleep quality.,Try high-intensity interval training (HIIT) for quick workouts.,Follow a balanced meal plan rich in lean protein and fiber.
18,Male,29,Doctor,6.0,6,30,8,Normal,120/80,70,8000,Sleep Apnea,Take a walk in nature to clear your mind and reduce stress.,Use a weighted blanket to improve sleep quality.,Join a recreational sports team to stay motivated.,Follow a balanced meal plan rich in lean protein and fiber.
19,Female,29,Nurse,6.5,5,40,7,Normal Weight,132/87,80,4000,Insomnia,Practice deep breathing exercises to lower stress levels.,Avoid caffeine after 3 PM to improve sleep quality.,Incorporate strength training twice a week to build muscle.,Switch to whole grains instead of refined carbs.
20,Male,30,Doctor,7.6,7,75,6,Normal,120/80,70,8000,None,Connect with a support group to talk about your concerns.,Create a calming bedtime ritual like reading or stretching.,Start with low-impact exercises like walking or yoga.,Limit salt intake to maintain healthy blood pressure.
21,Male,30,Doctor,7.7,7,75,6,Normal,120/80,70,8000,None,Engage in 20-minute mindfulness meditation sessions.,Use a weighted blanket to improve sleep quality.,Incorporate strength training twice a week to build muscle.,Incorporate more fruits and vegetables into your meals.
22,Male,30,Doctor,7.7,7,75,6,Normal,120/80,70,8000,None,Connect with a support group to talk about your concerns.,Adjust your bedroom temperature for optimal comfort.,Join a recreational sports team to stay motivated.,Incorporate more fruits and vegetables into your meals.
23,Male,30,Doctor,7.7,7,75,6,Normal,120/80,70,8000,None,Take a walk in nature to clear your mind and reduce stress.,Avoid caffeine after 3 PM to improve sleep quality.,Add moderate cardio activities like swimming or cycling.,Follow a balanced meal plan rich in lean protein and fiber.
24,Male,30,Doctor,7.7,7,75,6,Normal,120/80,70,8000,None,Set boundaries at work to avoid burnout.,Use a weighted blanket to improve sleep quality.,Try high-intensity interval training (HIIT) for quick workouts.,Follow a balanced meal plan rich in lean protein and fiber.
25,Male,30,Doctor,7.8,7,75,6,Normal,120/80,70,8000,None,Take a walk in nature to clear your mind and reduce stress.,Use a weighted blanket to improve sleep quality.,Join a recreational sports team to stay motivated.,Follow a balanced meal plan rich in lean protein and fiber.
26,Male,30,Doctor,7.9,7,75,6,Normal,120/80,70,8000,None,Set boundaries at work to avoid burnout.,Create a calming bedtime ritual like reading or stretching.,Join a recreational sports team to stay motivated.,Drink green tea to boost metabolism.
27,Male,30,Doctor,7.8,7,75,6,Normal,120/80,70,8000,None,Practice deep breathing exercises to lower stress levels.,Avoid caffeine after 3 PM to improve sleep quality.,Incorporate strength training twice a week to build muscle.,Follow a balanced meal plan rich in lean protein and fiber.
28,Male,30,Doctor,7.9,7,75,6,Normal,120/80,70,8000,None,Set boundaries at work to avoid burnout.,Create a calming bedtime ritual like reading or stretching.,Add moderate cardio activities like swimming or cycling.,Switch to whole grains instead of refined carbs.
29,Male,30,Doctor,7.9,7,75,6,Normal,120/80,70,8000,None,Connect with a support group to talk about your concerns.,Maintain a strict bedtime to regulate your sleep cycle.,Add moderate cardio activities like swimming or cycling.,Follow a balanced meal plan rich in lean protein and fiber.
30,Male,30,Doctor,7.9,7,75,6,Normal,120/80,70,8000,None,Practice deep breathing exercises to lower stress levels.,Create a calming bedtime ritual like reading or stretching.,Start with low-impact exercises like walking or yoga.,Limit salt intake to maintain healthy blood pressure.
31,Female,30,Nurse,6.4,5,35,7,Normal Weight,130/86,78,4100,Sleep Apnea,Connect with a support group to talk about your concerns.,Create a calming bedtime ritual like reading or stretching.,Start with low-impact exercises like walking or yoga.,Incorporate more fruits and vegetables into your meals.
32,Female,30,Nurse,6.4,5,35,7,Normal Weight,130/86,78,4100,Insomnia,Engage in 20-minute mindfulness meditation sessions.,Adjust your bedroom temperature for optimal comfort.,Incorporate strength training twice a week to build muscle.,Limit salt intake to maintain healthy blood pressure.
33,Female,31,Nurse,7.9,8,75,4,Normal Weight,117/76,69,6800,None,Set boundaries at work to avoid burnout.,Create a calming bedtime ritual like reading or stretching.,Start with low-impact exercises like walking or yoga.,Limit salt intake to maintain healthy blood pressure.
34,Male,31,Doctor,6.1,6,30,8,Normal,125/80,72,5000,None,Set boundaries at work to avoid burnout.,Use a weighted blanket to improve sleep quality.,Start with low-impact exercises like walking or yoga.,Drink green tea to boost metabolism.
35,Male,31,Doctor,7.7,7,75,6,Normal,120/80,70,8000,None,Take a walk in nature to clear your mind and reduce stress.,Adjust your bedroom temperature for optimal comfort.,Add moderate cardio activities like swimming or cycling.,Drink green tea to boost metabolism.
36,Male,31,Doctor,6.1,6,30,8,Normal,125/80,72,5000,None,Take frequent breaks to reduce mental fatigue.,Avoid caffeine after 3 PM to improve sleep quality.,Try high-intensity interval training (HIIT) for quick workouts.,Limit salt intake to maintain healthy blood pressure.
37,Male,31,Doctor,6.1,6,30,8,Normal,125/80,72,5000,None,Take frequent breaks to reduce mental fatigue.,Use a weighted blanket to improve sleep quality.,Incorporate strength training twice a week to build muscle.,Drink green tea to boost metabolism.
38,Male,31,Doctor,7.6,7,75,6,Normal,120/80,70,8000,None,Take a walk in nature to clear your mind and reduce stress.,Create a calming bedtime ritual like reading or stretching.,Start with low-impact exercises like walking or yoga.,Incorporate more fruits and vegetables into your meals.
39,Male,31,Doctor,7.6,7,75,6,Normal,120/80,70,8000,None,Practice deep breathing exercises to lower stress levels.,Maintain a strict bedtime to regulate your sleep cycle.,Try high-intensity interval training (HIIT) for quick workouts.,Follow a balanced meal plan rich in lean protein and fiber.
40,Male,31,Doctor,7.6,7,75,6,Normal,120/80,70,8000,None,Practice deep breathing exercises to lower stress levels.,Use a weighted blanket to improve sleep quality.,Incorporate strength training twice a week to build muscle.,Switch to whole grains instead of refined carbs.
41,Male,31,Doctor,7.7,7,75,6,Normal,120/80,70,8000,None,Take a walk in nature to clear your mind and reduce stress.,Adjust your bedroom temperature for optimal comfort.,Join a recreational sports team to stay motivated.,Drink green tea to boost metabolism.
42,Male,31,Doctor,7.7,7,75,6,Normal,120/80,70,8000,None,Practice deep breathing exercises to lower stress levels.,Avoid caffeine after 3 PM to improve sleep quality.,Add moderate cardio activities like swimming or cycling.,Limit salt intake to maintain healthy blood pressure.
43,Male,31,Doctor,7.7,7,75,6,Normal,120/80,70,8000,None,Set boundaries at work to avoid burnout.,Adjust your bedroom temperature for optimal comfort.,Try high-intensity interval training (HIIT) for quick workouts.,Follow a balanced meal plan rich in lean protein and fiber.
44,Male,31,Doctor,7.8,7,75,6,Normal,120/80,70,8000,None,Engage in 20-minute mindfulness meditation sessions.,Avoid caffeine after 3 PM to improve sleep quality.,Join a recreational sports team to stay motivated.,Incorporate more fruits and vegetables into your meals.
45,Male,31,Doctor,7.7,7,75,6,Normal,120/80,70,8000,None,Practice deep breathing exercises to lower stress levels.,Create a calming bedtime ritual like reading or stretching.,Start with low-impact exercises like walking or yoga.,Switch to whole grains instead of refined carbs.
46,Male,31,Doctor,7.8,7,75,6,Normal,120/80,70,8000,None,Take a walk in nature to clear your mind and reduce stress.,Create a calming bedtime ritual like reading or stretching.,Incorporate strength training twice a week to build muscle.,Drink green tea to boost metabolism.
47,Male,31,Doctor,7.7,7,75,6,Normal,120/80,70,8000,None,Practice deep breathing exercises to lower stress levels.,Create a calming bedtime ritual like reading or stretching.,Start with low-impact exercises like walking or yoga.,Drink green tea to boost metabolism.
48,Male,31,Doctor,7.8,7,75,6,Normal,120/80,70,8000,None,Practice deep breathing exercises to lower stress levels.,Create a calming bedtime ritual like reading or stretching.,Start with low-impact exercises like walking or yoga.,Incorporate more fruits and vegetables into your meals.
49,Male,31,Doctor,7.7,7,75,6,Normal,120/80,70,8000,None,Connect with a support group to talk about your concerns.,Maintain a strict bedtime to regulate your sleep cycle.,Try high-intensity interval training (HIIT) for quick workouts.,Drink green tea to boost metabolism.
50,Male,31,Doctor,7.7,7,75,6,Normal,120/80,70,8000,Sleep Apnea,Take a walk in nature to clear your mind and reduce stress.,Adjust your bedroom temperature for optimal comfort.,Start with low-impact exercises like walking or yoga.,Drink green tea to boost metabolism.
51,Male,32,Engineer,7.5,8,45,3,Normal,120/80,70,8000,None,Practice deep breathing exercises to lower stress levels.,Use a weighted blanket to improve sleep quality.,Start with low-impact exercises like walking or yoga.,Follow a balanced meal plan rich in lean protein and fiber.
52,Male,32,Engineer,7.5,8,45,3,Normal,120/80,70,8000,None,Practice deep breathing exercises to lower stress levels.,Avoid caffeine after 3 PM to improve sleep quality.,Add moderate cardio activities like swimming or cycling.,Limit salt intake to maintain healthy blood pressure.
53,Male,32,Doctor,6.0,6,30,8,Normal,125/80,72,5000,None,Connect with a support group to talk about your concerns.,Avoid caffeine after 3 PM to improve sleep quality.,Start with low-impact exercises like walking or yoga.,Limit salt intake to maintain healthy blood pressure.
54,Male,32,Doctor,7.6,7,75,6,Normal,120/80,70,8000,None,Take a walk in nature to clear your mind and reduce stress.,Create a calming bedtime ritual like reading or stretching.,Try high-intensity interval training (HIIT) for quick workouts.,Switch to whole grains instead of refined carbs.
55,Male,32,Doctor,6.0,6,30,8,Normal,125/80,72,5000,None,Take a walk in nature to clear your mind and reduce stress.,Avoid caffeine after 3 PM to improve sleep quality.,Incorporate strength training twice a week to build muscle.,Follow a balanced meal plan rich in lean protein and fiber.
56,Male,32,Doctor,6.0,6,30,8,Normal,125/80,72,5000,None,Engage in 20-minute mindfulness meditation sessions.,Use a weighted blanket to improve sleep quality.,Try high-intensity interval training (HIIT) for quick workouts.,Incorporate more fruits and vegetables into your meals.
57,Male,32,Doctor,7.7,7,75,6,Normal,120/80,70,8000,None,Take a walk in nature to clear your mind and reduce stress.,Adjust your bedroom temperature for optimal comfort.,Add moderate cardio activities like swimming or cycling.,Drink green tea to boost metabolism.
58,Male,32,Doctor,6.0,6,30,8,Normal,125/80,72,5000,None,Connect with a support group to talk about your concerns.,Adjust your bedroom temperature for optimal comfort.,Incorporate strength training twice a week to build muscle.,Switch to whole grains instead of refined carbs.
59,Male,32,Doctor,6.0,6,30,8,Normal,125/80,72,5000,None,Connect with a support group to talk about your concerns.,Adjust your bedroom temperature for optimal comfort.,Try high-intensity interval training (HIIT) for quick workouts.,Follow a balanced meal plan rich in lean protein and fiber.
60,Male,32,Doctor,7.7,7,75,6,Normal,120/80,70,8000,None,Practice deep breathing exercises to lower stress levels.,Use a weighted blanket to improve sleep quality.,Start with low-impact exercises like walking or yoga.,Incorporate more fruits and vegetables into your meals.
61,Male,32,Doctor,6.0,6,30,8,Normal,125/80,72,5000,None,Take a walk in nature to clear your mind and reduce stress.,Create a calming bedtime ritual like reading or stretching.,Add moderate cardio activities like swimming or cycling.,Follow a balanced meal plan rich in lean protein and fiber.
62,Male,32,Doctor,6.0,6,30,8,Normal,125/80,72,5000,None,Take a walk in nature to clear your mind and reduce stress.,Maintain a strict bedtime to regulate your sleep cycle.,Start with low-impact exercises like walking or yoga.,Follow a balanced meal plan rich in lean protein and fiber.
63,Male,32,Doctor,6.2,6,30,8,Normal,125/80,72,5000,None,Set boundaries at work to avoid burnout.,Maintain a strict bedtime to regulate your sleep cycle.,Add moderate cardio activities like swimming or cycling.,Incorporate more fruits and vegetables into your meals.
64,Male,32,Doctor,6.2,6,30,8,Normal,125/80,72,5000,None,Practice deep breathing exercises to lower stress levels.,Use a weighted blanket to improve sleep quality.,Start with 10-minute walks and gradually increase activity.,Limit salt intake to maintain healthy blood pressure.
65,Male,32,Doctor,6.2,6,30,8,Normal,125/80,72,5000,None,Engage in 20-minute mindfulness meditation sessions.,Create a calming bedtime ritual like reading or stretching.,Start with 10-minute walks and gradually increase activity.,Switch to whole grains instead of refined carbs.
66,Male,32,Doctor,6.2,6,30,8,Normal,125/80,72,5000,None,Connect with a support group to talk about your concerns.,Adjust your bedroom temperature for optimal comfort.,Try high-intensity interval training (HIIT) for quick workouts.,Incorporate more fruits and vegetables into your meals.
67,Male,32,Accountant,7.2,8,50,6,Normal Weight,118/76,68,7000,None,Connect with a support group to talk about your concerns.,Maintain a strict bedtime to regulate your sleep cycle.,Try high-intensity interval training (HIIT) for quick workouts.,Drink green tea to boost metabolism.
68,Male,33,Doctor,6.0,6,30,8,Normal,125/80,72,5000,Insomnia,Connect with a support group to talk about your concerns.,Avoid caffeine after 3 PM to improve sleep quality.,Start with 10-minute walks and gradually increase activity.,Limit salt intake to maintain healthy blood pressure.
69,Female,33,Scientist,6.2,6,50,6,Overweight,128/85,76,5500,None,Set boundaries at work to avoid burnout.,Maintain a strict bedtime to regulate your sleep cycle.,Join a recreational sports team to stay motivated.,Drink green tea to boost metabolism.
70,Female,33,Scientist,6.2,6,50,6,Overweight,128/85,76,5500,None,Practice deep breathing exercises to lower stress levels.,Create a calming bedtime ritual like reading or stretching.,Start with low-impact exercises like walking or yoga.,Switch to whole grains instead of refined carbs.
71,Male,33,Doctor,6.1,6,30,8,Normal,125/80,72,5000,None,Take frequent breaks to reduce mental fatigue.,Avoid caffeine after 3 PM to improve sleep quality.,Start with low-impact exercises like walking or yoga.,Follow a balanced meal plan rich in lean protein and fiber.
72,Male,33,Doctor,6.1,6,30,8,Normal,125/80,72,5000,None,Practice deep breathing exercises to lower stress levels.,Adjust your bedroom temperature for optimal comfort.,Join a recreational sports team to stay motivated.,Limit salt intake to maintain healthy blood pressure.
73,Male,33,Doctor,6.1,6,30,8,Normal,125/80,72,5000,None,Engage in 20-minute mindfulness meditation sessions.,Adjust your bedroom temperature for optimal comfort.,Add moderate cardio activities like swimming or cycling.,Switch to whole grains instead of refined carbs.
74,Male,33,Doctor,6.1,6,30,8,Normal,125/80,72,5000,None,Set boundaries at work to avoid burnout.,Use a weighted blanket to improve sleep quality.,Start with low-impact exercises like walking or yoga.,Drink green tea to boost metabolism.
75,Male,33,Doctor,6.0,6,30,8,Normal,125/80,72,5000,None,Take a walk in nature to clear your mind and reduce stress.,Maintain a strict bedtime to regulate your sleep cycle.,Start with low-impact exercises like walking or yoga.,Drink green tea to boost metabolism.
76,Male,33,Doctor,6.0,6,30,8,Normal,125/80,72,5000,None,Connect with a support group to talk about your concerns.,Adjust your bedroom temperature for optimal comfort.,Add moderate cardio activities like swimming or cycling.,Incorporate more fruits and vegetables into your meals.
77,Male,33,Doctor,6.0,6,30,8,Normal,125/80,72,5000,None,Connect with a support group to talk about your concerns.,Adjust your bedroom temperature for optimal comfort.,Start with low-impact exercises like walking or yoga.,Drink green tea to boost metabolism.
78,Male,33,Doctor,6.0,6,30,8,Normal,125/80,72,5000,None,Set boundaries at work to avoid burnout.,Avoid caffeine after 3 PM to improve sleep quality.,Start with low-impact exercises like walking or yoga.,Limit salt intake to maintain healthy blood pressure.
79,Male,33,Doctor,6.0,6,30,8,Normal,125/80,72,5000,None,Take a walk in nature to clear your mind and reduce stress.,Avoid caffeine after 3 PM to improve sleep quality.,Try high-intensity interval training (HIIT) for quick workouts.,Follow a balanced meal plan rich in lean protein and fiber.
80,Male,33,Doctor,6.0,6,30,8,Normal,125/80,72,5000,None,Set boundaries at work to avoid burnout.,Create a calming bedtime ritual like reading or stretching.,Start with 10-minute walks and gradually increase activity.,Limit salt intake to maintain healthy blood pressure.
81,Female,34,Scientist,5.8,4,32,8,Overweight,131/86,81,5200,Sleep Apnea,Take a walk in nature to clear your mind and reduce stress.,Create a calming bedtime ritual like reading or stretching.,Incorporate strength training twice a week to build muscle.,Follow a balanced meal plan rich in lean protein and fiber.
82,Female,34,Scientist,5.8,4,32,8,Overweight,131/86,81,5200,Sleep Apnea,Engage in 20-minute mindfulness meditation sessions.,Use a weighted blanket to improve sleep quality.,Incorporate strength training twice a week to build muscle.,Limit salt intake to maintain healthy blood pressure.
83,Male,35,Teacher,6.7,7,40,5,Overweight,128/84,70,5600,None,Set boundaries at work to avoid burnout.,Create a calming bedtime ritual like reading or stretching.,Start with low-impact exercises like walking or yoga.,Limit salt intake to maintain healthy blood pressure.
84,Male,35,Teacher,6.7,7,40,5,Overweight,128/84,70,5600,None,Engage in 20-minute mindfulness meditation sessions.,Avoid caffeine after 3 PM to improve sleep quality.,Incorporate strength training twice a week to build muscle.,Incorporate more fruits and vegetables into your meals.
85,Male,35,Software Engineer,7.5,8,60,5,Normal Weight,120/80,70,8000,None,Connect with a support group to talk about your concerns.,Maintain a strict bedtime to regulate your sleep cycle.,Join a recreational sports team to stay motivated.,Limit salt intake to maintain healthy blood pressure.
86,Female,35,Accountant,7.2,8,60,4,Normal,115/75,68,7000,None,Take a walk in nature to clear your mind and reduce stress.,Create a calming bedtime ritual like reading or stretching.,Try high-intensity interval training (HIIT) for quick workouts.,Follow a balanced meal plan rich in lean protein and fiber.
87,Male,35,Engineer,7.2,8,60,4,Normal,125/80,65,5000,None,Engage in 20-minute mindfulness meditation sessions.,Create a calming bedtime ritual like reading or stretching.,Try high-intensity interval training (HIIT) for quick workouts.,Incorporate more fruits and vegetables into your meals.
88,Male,35,Engineer,7.2,8,60,4,Normal,125/80,65,5000,None,Engage in 20-minute mindfulness meditation sessions.,Adjust your bedroom temperature for optimal comfort.,Try high-intensity interval training (HIIT) for quick workouts.,Follow a balanced meal plan rich in lean protein and fiber.
89,Male,35,Engineer,7.3,8,60,4,Normal,125/80,65,5000,None,Engage in 20-minute mindfulness meditation sessions.,Avoid caffeine after 3 PM to improve sleep quality.,Add moderate cardio activities like swimming or cycling.,Drink green tea to boost metabolism.
90,Male,35,Engineer,7.3,8,60,4,Normal,125/80,65,5000,None,Engage in 20-minute mindfulness meditation sessions.,Create a calming bedtime ritual like reading or stretching.,Start with low-impact exercises like walking or yoga.,Limit salt intake to maintain healthy blood pressure.
91,Male,35,Engineer,7.3,8,60,4,Normal,125/80,65,5000,None,Practice deep breathing exercises to lower stress levels.,Maintain a strict bedtime to regulate your sleep cycle.,Add moderate cardio activities like swimming or cycling.,Follow a balanced meal plan rich in lean protein and fiber.
92,Male,35,Engineer,7.3,8,60,4,Normal,125/80,65,5000,None,Set boundaries at work to avoid burnout.,Adjust your bedroom temperature for optimal comfort.,Incorporate strength training twice a week to build muscle.,Switch to whole grains instead of refined carbs.
93,Male,35,Software Engineer,7.5,8,60,5,Normal Weight,120/80,70,8000,None,Set boundaries at work to avoid burnout.,Avoid caffeine after 3 PM to improve sleep quality.,Join a recreational sports team to stay motivated.,Limit salt intake to maintain healthy blood pressure.
94,Male,35,Lawyer,7.4,7,60,5,Obese,135/88,84,3300,Sleep Apnea,Set boundaries at work to avoid burnout.,Adjust your bedroom temperature for optimal comfort.,Start with low-impact exercises like walking or yoga.,Follow a balanced meal plan rich in lean protein and fiber.
95,Female,36,Accountant,7.2,8,60,4,Normal,115/75,68,7000,Insomnia,Engage in 20-minute mindfulness meditation sessions.,Use a weighted blanket to improve sleep quality.,Incorporate strength training twice a week to build muscle.,Switch to whole grains instead of refined carbs.
96,Female,36,Accountant,7.1,8,60,4,Normal,115/75,68,7000,None,Set boundaries at work to avoid burnout.,Avoid caffeine after 3 PM to improve sleep quality.,Incorporate strength training twice a week to build muscle.,Switch to whole grains instead of refined carbs.
97,Female,36,Accountant,7.2,8,60,4,Normal,115/75,68,7000,None,Engage in 20-minute mindfulness meditation sessions.,Adjust your bedroom temperature for optimal comfort.,Start with low-impact exercises like walking or yoga.,Follow a balanced meal plan rich in lean protein and fiber.
98,Female,36,Accountant,7.1,8,60,4,Normal,115/75,68,7000,None,Connect with a support group to talk about your concerns.,Use a weighted blanket to improve sleep quality.,Start with low-impact exercises like walking or yoga.,Incorporate more fruits and vegetables into your meals.
99,Female,36,Teacher,7.1,8,60,4,Normal,115/75,68,7000,None,Set boundaries at work to avoid burnout.,Maintain a strict bedtime to regulate your sleep cycle.,Join a recreational sports team to stay motivated.,Switch to whole grains instead of refined carbs.
100,Female,36,Teacher,7.1,8,60,4,Normal,115/75,68,7000,None,Set boundaries at work to avoid burnout.,Avoid caffeine after 3 PM to improve sleep quality.,Add moderate cardio activities like swimming or cycling.,Incorporate more fruits and vegetables into your meals.
101,Female,36,Teacher,7.2,8,60,4,Normal,115/75,68,7000,None,Set boundaries at work to avoid burnout.,Adjust your bedroom temperature for optimal comfort.,Add moderate cardio activities like swimming or cycling.,Limit salt intake to maintain healthy blood pressure.
102,Female,36,Teacher,7.2,8,60,4,Normal,115/75,68,7000,None,Practice deep breathing exercises to lower stress levels.,Avoid caffeine after 3 PM to improve sleep quality.,Incorporate strength training twice a week to build muscle.,Switch to whole grains instead of refined carbs.
103,Female,36,Teacher,7.2,8,60,4,Normal,115/75,68,7000,None,Engage in 20-minute mindfulness meditation sessions.,Avoid caffeine after 3 PM to improve sleep quality.,Start with low-impact exercises like walking or yoga.,Incorporate more fruits and vegetables into your meals.
104,Male,36,Teacher,6.6,5,35,7,Overweight,129/84,74,4800,Sleep Apnea,Engage in 20-minute mindfulness meditation sessions.,Adjust your bedroom temperature for optimal comfort.,Join a recreational sports team to stay motivated.,Limit salt intake to maintain healthy blood pressure.
105,Female,36,Teacher,7.2,8,60,4,Normal,115/75,68,7000,Sleep Apnea,Connect with a support group to talk about your concerns.,Create a calming bedtime ritual like reading or stretching.,Start with low-impact exercises like walking or yoga.,Drink green tea to boost metabolism.
106,Male,36,Teacher,6.6,5,35,7,Overweight,129/84,74,4800,Insomnia,Engage in 20-minute mindfulness meditation sessions.,Maintain a strict bedtime to regulate your sleep cycle.,Start with low-impact exercises like walking or yoga.,Follow a balanced meal plan rich in lean protein and fiber.
107,Female,37,Nurse,6.1,6,42,6,Overweight,126/83,77,4200,None,Practice deep breathing exercises to lower stress levels.,Adjust your bedroom temperature for optimal comfort.,Try high-intensity interval training (HIIT) for quick workouts.,Follow a balanced meal plan rich in lean protein and fiber.
108,Male,37,Engineer,7.8,8,70,4,Normal Weight,120/80,68,7000,None,Connect with a support group to talk about your concerns.,Maintain a strict bedtime to regulate your sleep cycle.,Incorporate strength training twice a week to build muscle.,Incorporate more fruits and vegetables into your meals.
109,Male,37,Engineer,7.8,8,70,4,Normal Weight,120/80,68,7000,None,Engage in 20-minute mindfulness meditation sessions.,Use a weighted blanket to improve sleep quality.,Try high-intensity interval training (HIIT) for quick workouts.,Follow a balanced meal plan rich in lean protein and fiber.
110,Male,37,Lawyer,7.4,8,60,5,Normal,130/85,68,8000,None,Engage in 20-minute mindfulness meditation sessions.,Use a weighted blanket to improve sleep quality.,Incorporate strength training twice a week to build muscle.,Limit salt intake to maintain healthy blood pressure.
111,Female,37,Accountant,7.2,8,60,4,Normal,115/75,68,7000,None,Connect with a support group to talk about your concerns.,Create a calming bedtime ritual like reading or stretching.,Add moderate cardio activities like swimming or cycling.,Follow a balanced meal plan rich in lean protein and fiber.
112,Male,37,Lawyer,7.4,8,60,5,Normal,130/85,68,8000,None,Connect with a support group to talk about your concerns.,Maintain a strict bedtime to regulate your sleep cycle.,Start with low-impact exercises like walking or yoga.,Switch to whole grains instead of refined carbs.
113,Female,37,Accountant,7.2,8,60,4,Normal,115/75,68,7000,None,Practice deep breathing exercises to lower stress levels.,Adjust your bedroom temperature for optimal comfort.,Join a recreational sports team to stay motivated.,Follow a balanced meal plan rich in lean protein and fiber.
114,Male,37,Lawyer,7.4,8,60,5,Normal,130/85,68,8000,None,Set boundaries at work to avoid burnout.,Use a weighted blanket to improve sleep quality.,Try high-intensity interval training (HIIT) for quick workouts.,Limit salt intake to maintain healthy blood pressure.
115,Female,37,Accountant,7.2,8,60,4,Normal,115/75,68,7000,None,Engage in 20-minute mindfulness meditation sessions.,Create a calming bedtime ritual like reading or stretching.,Try high-intensity interval training (HIIT) for quick workouts.,Incorporate more fruits and vegetables into your meals.
116,Female,37,Accountant,7.2,8,60,4,Normal,115/75,68,7000,None,Take a walk in nature to clear your mind and reduce stress.,Maintain a strict bedtime to regulate your sleep cycle.,Try high-intensity interval training (HIIT) for quick workouts.,Incorporate more fruits and vegetables into your meals.
117,Female,37,Accountant,7.2,8,60,4,Normal,115/75,68,7000,None,Take a walk in nature to clear your mind and reduce stress.,Use a weighted blanket to improve sleep quality.,Add moderate cardio activities like swimming or cycling.,Incorporate more fruits and vegetables into your meals.
118,Female,37,Accountant,7.2,8,60,4,Normal,115/75,68,7000,None,Set boundaries at work to avoid burnout.,Use a weighted blanket to improve sleep quality.,Start with low-impact exercises like walking or yoga.,Follow a balanced meal plan rich in lean protein and fiber.
119,Female,37,Accountant,7.2,8,60,4,Normal,115/75,68,7000,None,Set boundaries at work to avoid burnout.,Use a weighted blanket to improve sleep quality.,Join a recreational sports team to stay motivated.,Drink green tea to boost metabolism.
120,Female,37,Accountant,7.2,8,60,4,Normal,115/75,68,7000,None,Take a walk in nature to clear your mind and reduce stress.,Use a weighted blanket to improve sleep quality.,Join a recreational sports team to stay motivated.,Follow a balanced meal plan rich in lean protein and fiber.
121,Female,37,Accountant,7.2,8,60,4,Normal,115/75,68,7000,None,Take a walk in nature to clear your mind and reduce stress.,Use a weighted blanket to improve sleep quality.,Start with low-impact exercises like walking or yoga.,Switch to whole grains instead of refined carbs.
122,Female,37,Accountant,7.2,8,60,4,Normal,115/75,68,7000,None,Set boundaries at work to avoid burnout.,Create a calming bedtime ritual like reading or stretching.,Incorporate strength training twice a week to build muscle.,Drink green tea to boost metabolism.
123,Female,37,Accountant,7.2,8,60,4,Normal,115/75,68,7000,None,Practice deep breathing exercises to lower stress levels.,Use a weighted blanket to improve sleep quality.,Add moderate cardio activities like swimming or cycling.,Switch to whole grains instead of refined carbs.
124,Female,37,Accountant,7.2,8,60,4,Normal,115/75,68,7000,None,Connect with a support group to talk about your concerns.,Avoid caffeine after 3 PM to improve sleep quality.,Incorporate strength training twice a week to build muscle.,Switch to whole grains instead of refined carbs.
125,Female,37,Accountant,7.2,8,60,4,Normal,115/75,68,7000,None,Set boundaries at work to avoid burnout.,Maintain a strict bedtime to regulate your sleep cycle.,Join a recreational sports team to stay motivated.,Follow a balanced meal plan rich in lean protein and fiber.
126,Female,37,Nurse,7.5,8,60,4,Normal Weight,120/80,70,8000,None,Practice deep breathing exercises to lower stress levels.,Maintain a strict bedtime to regulate your sleep cycle.,Start with low-impact exercises like walking or yoga.,Limit salt intake to maintain healthy blood pressure.
127,Male,38,Lawyer,7.3,8,60,5,Normal,130/85,68,8000,None,Set boundaries at work to avoid burnout.,Create a calming bedtime ritual like reading or stretching.,Start with low-impact exercises like walking or yoga.,Incorporate more fruits and vegetables into your meals.
128,Female,38,Accountant,7.1,8,60,4,Normal,115/75,68,7000,None,Take a walk in nature to clear your mind and reduce stress.,Adjust your bedroom temperature for optimal comfort.,Start with low-impact exercises like walking or yoga.,Switch to whole grains instead of refined carbs.
129,Male,38,Lawyer,7.3,8,60,5,Normal,130/85,68,8000,None,Set boundaries at work to avoid burnout.,Maintain a strict bedtime to regulate your sleep cycle.,Join a recreational sports team to stay motivated.,Follow a balanced meal plan rich in lean protein and fiber.
130,Male,38,Lawyer,7.3,8,60,5,Normal,130/85,68,8000,None,Practice deep breathing exercises to lower stress levels.,Adjust your bedroom temperature for optimal comfort.,Start with low-impact exercises like walking or yoga.,Incorporate more fruits and vegetables into your meals.
131,Female,38,Accountant,7.1,8,60,4,Normal,115/75,68,7000,None,Practice deep breathing exercises to lower stress levels.,Adjust your bedroom temperature for optimal comfort.,Add moderate cardio activities like swimming or cycling.,Follow a balanced meal plan rich in lean protein and fiber.
132,Male,38,Lawyer,7.3,8,60,5,Normal,130/85,68,8000,None,Practice deep breathing exercises to lower stress levels.,Adjust your bedroom temperature for optimal comfort.,Start with low-impact exercises like walking or yoga.,Drink green tea to boost metabolism.
133,Male,38,Lawyer,7.3,8,60,5,Normal,130/85,68,8000,None,Engage in 20-minute mindfulness meditation sessions.,Avoid caffeine after 3 PM to improve sleep quality.,Try high-intensity interval training (HIIT) for quick workouts.,Limit salt intake to maintain healthy blood pressure.
134,Female,38,Accountant,7.1,8,60,4,Normal,115/75,68,7000,None,Engage in 20-minute mindfulness meditation sessions.,Create a calming bedtime ritual like reading or stretching.,Add moderate cardio activities like swimming or cycling.,Incorporate more fruits and vegetables into your meals.
135,Male,38,Lawyer,7.3,8,60,5,Normal,130/85,68,8000,None,Connect with a support group to talk about your concerns.,Create a calming bedtime ritual like reading or stretching.,Join a recreational sports team to stay motivated.,Limit salt intake to maintain healthy blood pressure.
136,Male,38,Lawyer,7.3,8,60,5,Normal,130/85,68,8000,None,Practice deep breathing exercises to lower stress levels.,Avoid caffeine after 3 PM to improve sleep quality.,Add moderate cardio activities like swimming or cycling.,Incorporate more fruits and vegetables into your meals.
137,Female,38,Accountant,7.1,8,60,4,Normal,115/75,68,7000,None,Engage in 20-minute mindfulness meditation sessions.,Create a calming bedtime ritual like reading or stretching.,Add moderate cardio activities like swimming or cycling.,Drink green tea to boost metabolism.
138,Male,38,Lawyer,7.1,8,60,5,Normal,130/85,68,8000,None,Practice deep breathing exercises to lower stress levels.,Adjust your bedroom temperature for optimal comfort.,Incorporate strength training twice a week to build muscle.,Drink green tea to boost metabolism.
139,Female,38,Accountant,7.1,8,60,4,Normal,115/75,68,7000,None,Practice deep breathing exercises to lower stress levels.,Adjust your bedroom temperature for optimal comfort.,Start with low-impact exercises like walking or yoga.,Follow a balanced meal plan rich in lean protein and fiber.
140,Male,38,Lawyer,7.1,8,60,5,Normal,130/85,68,8000,None,Connect with a support group to talk about your concerns.,Avoid caffeine after 3 PM to improve sleep quality.,Add moderate cardio activities like swimming or cycling.,Follow a balanced meal plan rich in lean protein and fiber.
141,Female,38,Accountant,7.1,8,60,4,Normal,115/75,68,7000,None,Engage in 20-minute mindfulness meditation sessions.,Use a weighted blanket to improve sleep quality.,Add moderate cardio activities like swimming or cycling.,Limit salt intake to maintain healthy blood pressure.
142,Male,38,Lawyer,7.1,8,60,5,Normal,130/85,68,8000,None,Practice deep breathing exercises to lower stress levels.,Adjust your bedroom temperature for optimal comfort.,Start with low-impact exercises like walking or yoga.,Drink green tea to boost metabolism.
143,Female,38,Accountant,7.1,8,60,4,Normal,115/75,68,7000,None,Take a walk in nature to clear your mind and reduce stress.,Maintain a strict bedtime to regulate your sleep cycle.,Incorporate strength training twice a week to build muscle.,Switch to whole grains instead of refined carbs.
144,Female,38,Accountant,7.1,8,60,4,Normal,115/75,68,7000,None,Connect with a support group to talk about your concerns.,Avoid caffeine after 3 PM to improve sleep quality.,Add moderate cardio activities like swimming or cycling.,Follow a balanced meal plan rich in lean protein and fiber.
145,Male,38,Lawyer,7.1,8,60,5,Normal,130/85,68,8000,Sleep Apnea,Take a walk in nature to clear your mind and reduce stress.,Create a calming bedtime ritual like reading or stretching.,Add moderate cardio activities like swimming or cycling.,Limit salt intake to maintain healthy blood pressure.
146,Female,38,Lawyer,7.4,7,60,5,Obese,135/88,84,3300,Sleep Apnea,Engage in 20-minute mindfulness meditation sessions.,Maintain a strict bedtime to regulate your sleep cycle.,Incorporate strength training twice a week to build muscle.,Follow a balanced meal plan rich in lean protein and fiber.
147,Male,39,Lawyer,7.2,8,60,5,Normal,130/85,68,8000,Insomnia,Set boundaries at work to avoid burnout.,Use a weighted blanket to improve sleep quality.,Start with low-impact exercises like walking or yoga.,Incorporate more fruits and vegetables into your meals.
148,Male,39,Engineer,6.5,5,40,7,Overweight,132/87,80,4000,Insomnia,Take a walk in nature to clear your mind and reduce stress.,Avoid caffeine after 3 PM to improve sleep quality.,Add moderate cardio activities like swimming or cycling.,Drink green tea to boost metabolism.
149,Female,39,Lawyer,6.9,7,50,6,Normal Weight,128/85,75,5500,None,Practice deep breathing exercises to lower stress levels.,Adjust your bedroom temperature for optimal comfort.,Join a recreational sports team to stay motivated.,Drink green tea to boost metabolism.
150,Female,39,Accountant,8.0,9,80,3,Normal Weight,115/78,67,7500,None,Engage in 20-minute mindfulness meditation sessions.,Avoid caffeine after 3 PM to improve sleep quality.,Start with low-impact exercises like walking or yoga.,Switch to whole grains instead of refined carbs.
151,Female,39,Accountant,8.0,9,80,3,Normal Weight,115/78,67,7500,None,Practice deep breathing exercises to lower stress levels.,Use a weighted blanket to improve sleep quality.,Start with low-impact exercises like walking or yoga.,Incorporate more fruits and vegetables into your meals.
152,Male,39,Lawyer,7.2,8,60,5,Normal,130/85,68,8000,None,Set boundaries at work to avoid burnout.,Avoid caffeine after 3 PM to improve sleep quality.,Try high-intensity interval training (HIIT) for quick workouts.,Drink green tea to boost metabolism.
153,Male,39,Lawyer,7.2,8,60,5,Normal,130/85,68,8000,None,Practice deep breathing exercises to lower stress levels.,Use a weighted blanket to improve sleep quality.,Incorporate strength training twice a week to build muscle.,Follow a balanced meal plan rich in lean protein and fiber.
154,Male,39,Lawyer,7.2,8,60,5,Normal,130/85,68,8000,None,Engage in 20-minute mindfulness meditation sessions.,Adjust your bedroom temperature for optimal comfort.,Add moderate cardio activities like swimming or cycling.,Incorporate more fruits and vegetables into your meals.
155,Male,39,Lawyer,7.2,8,60,5,Normal,130/85,68,8000,None,Take a walk in nature to clear your mind and reduce stress.,Avoid caffeine after 3 PM to improve sleep quality.,Try high-intensity interval training (HIIT) for quick workouts.,Drink green tea to boost metabolism.
156,Male,39,Lawyer,7.2,8,60,5,Normal,130/85,68,8000,None,Set boundaries at work to avoid burnout.,Avoid caffeine after 3 PM to improve sleep quality.,Join a recreational sports team to stay motivated.,Drink green tea to boost metabolism.
157,Male,39,Lawyer,7.2,8,60,5,Normal,130/85,68,8000,None,Practice deep breathing exercises to lower stress levels.,Adjust your bedroom temperature for optimal comfort.,Incorporate strength training twice a week to build muscle.,Follow a balanced meal plan rich in lean protein and fiber.
158,Male,39,Lawyer,7.2,8,60,5,Normal,130/85,68,8000,None,Take a walk in nature to clear your mind and reduce stress.,Maintain a strict bedtime to regulate your sleep cycle.,Start with low-impact exercises like walking or yoga.,Limit salt intake to maintain healthy blood pressure.
159,Male,39,Lawyer,7.2,8,60,5,Normal,130/85,68,8000,None,Connect with a support group to talk about your concerns.,Maintain a strict bedtime to regulate your sleep cycle.,Start with low-impact exercises like walking or yoga.,Switch to whole grains instead of refined carbs.
160,Male,39,Lawyer,7.2,8,60,5,Normal,130/85,68,8000,None,Connect with a support group to talk about your concerns.,Use a weighted blanket to improve sleep quality.,Incorporate strength training twice a week to build muscle.,Follow a balanced meal plan rich in lean protein and fiber.
161,Male,39,Lawyer,7.2,8,60,5,Normal,130/85,68,8000,None,Engage in 20-minute mindfulness meditation sessions.,Maintain a strict bedtime to regulate your sleep cycle.,Incorporate strength training twice a week to build muscle.,Limit salt intake to maintain healthy blood pressure.
162,Female,40,Accountant,7.2,8,55,6,Normal Weight,119/77,73,7300,None,Connect with a support group to talk about your concerns.,Maintain a strict bedtime to regulate your sleep cycle.,Add moderate cardio activities like swimming or cycling.,Follow a balanced meal plan rich in lean protein and fiber.
163,Female,40,Accountant,7.2,8,55,6,Normal Weight,119/77,73,7300,None,Take a walk in nature to clear your mind and reduce stress.,Adjust your bedroom temperature for optimal comfort.,Incorporate strength training twice a week to build muscle.,Drink green tea to boost metabolism.
164,Male,40,Lawyer,7.9,8,90,5,Normal,130/85,68,8000,None,Engage in 20-minute mindfulness meditation sessions.,Use a weighted blanket to improve sleep quality.,Incorporate strength training twice a week to build muscle.,Incorporate more fruits and vegetables into your meals.
165,Male,40,Lawyer,7.9,8,90,5,Normal,130/85,68,8000,None,Engage in 20-minute mindfulness meditation sessions.,Maintain a strict bedtime to regulate your sleep cycle.,Start with low-impact exercises like walking or yoga.,Incorporate more fruits and vegetables into your meals.
166,Male,41,Lawyer,7.6,8,90,5,Normal,130/85,70,8000,Insomnia,Engage in 20-minute mindfulness meditation sessions.,Create a calming bedtime ritual like reading or stretching.,Try high-intensity interval training (HIIT) for quick workouts.,Switch to whole grains instead of refined carbs.
167,Male,41,Engineer,7.3,8,70,6,Normal Weight,121/79,72,6200,None,Take a walk in nature to clear your mind and reduce stress.,Create a calming bedtime ritual like reading or stretching.,Add moderate cardio activities like swimming or cycling.,Switch to whole grains instead of refined carbs.
168,Male,41,Lawyer,7.1,7,55,6,Overweight,125/82,72,6000,None,Connect with a support group to talk about your concerns.,Adjust your bedroom temperature for optimal comfort.,Incorporate strength training twice a week to build muscle.,Follow a balanced meal plan rich in lean protein and fiber.
169,Male,41,Lawyer,7.1,7,55,6,Overweight,125/82,72,6000,None,Practice deep breathing exercises to lower stress levels.,Maintain a strict bedtime to regulate your sleep cycle.,Start with low-impact exercises like walking or yoga.,Incorporate more fruits and vegetables into your meals.
170,Male,41,Lawyer,7.7,8,90,5,Normal,130/85,70,8000,None,Take a walk in nature to clear your mind and reduce stress.,Create a calming bedtime ritual like reading or stretching.,Incorporate strength training twice a week to build muscle.,Incorporate more fruits and vegetables into your meals.
171,Male,41,Lawyer,7.7,8,90,5,Normal,130/85,70,8000,None,Take a walk in nature to clear your mind and reduce stress.,Adjust your bedroom temperature for optimal comfort.,Join a recreational sports team to stay motivated.,Incorporate more fruits and vegetables into your meals.
172,Male,41,Lawyer,7.7,8,90,5,Normal,130/85,70,8000,None,Set boundaries at work to avoid burnout.,Use a weighted blanket to improve sleep quality.,Start with low-impact exercises like walking or yoga.,Drink green tea to boost metabolism.
173,Male,41,Lawyer,7.7,8,90,5,Normal,130/85,70,8000,None,Connect with a support group to talk about your concerns.,Avoid caffeine after 3 PM to improve sleep quality.,Join a recreational sports team to stay motivated.,Limit salt intake to maintain healthy blood pressure.
174,Male,41,Lawyer,7.7,8,90,5,Normal,130/85,70,8000,None,Engage in 20-minute mindfulness meditation sessions.,Maintain a strict bedtime to regulate your sleep cycle.,Try high-intensity interval training (HIIT) for quick workouts.,Switch to whole grains instead of refined carbs.
175,Male,41,Lawyer,7.6,8,90,5,Normal,130/85,70,8000,None,Practice deep breathing exercises to lower stress levels.,Create a calming bedtime ritual like reading or stretching.,Start with low-impact exercises like walking or yoga.,Switch to whole grains instead of refined carbs.
176,Male,41,Lawyer,7.6,8,90,5,Normal,130/85,70,8000,None,Practice deep breathing exercises to lower stress levels.,Adjust your bedroom temperature for optimal comfort.,Try high-intensity interval training (HIIT) for quick workouts.,Follow a balanced meal plan rich in lean protein and fiber.
177,Male,41,Lawyer,7.6,8,90,5,Normal,130/85,70,8000,None,Set boundaries at work to avoid burnout.,Avoid caffeine after 3 PM to improve sleep quality.,Add moderate cardio activities like swimming or cycling.,Switch to whole grains instead of refined carbs.
178,Male,42,Salesperson,6.5,6,45,7,Overweight,130/85,72,6000,Insomnia,Take a walk in nature to clear your mind and reduce stress.,Adjust your bedroom temperature for optimal comfort.,Try high-intensity interval training (HIIT) for quick workouts.,Limit salt intake to maintain healthy blood pressure.
179,Male,42,Lawyer,7.8,8,90,5,Normal,130/85,70,8000,None,Connect with a support group to talk about your concerns.,Create a calming bedtime ritual like reading or stretching.,Start with low-impact exercises like walking or yoga.,Follow a balanced meal plan rich in lean protein and fiber.
180,Male,42,Lawyer,7.8,8,90,5,Normal,130/85,70,8000,None,Connect with a support group to talk about your concerns.,Use a weighted blanket to improve sleep quality.,Join a recreational sports team to stay motivated.,Incorporate more fruits and vegetables into your meals.
181,Male,42,Lawyer,7.8,8,90,5,Normal,130/85,70,8000,None,Practice deep breathing exercises to lower stress levels.,Create a calming bedtime ritual like reading or stretching.,Join a recreational sports team to stay motivated.,Switch to whole grains instead of refined carbs.
182,Male,42,Lawyer,7.8,8,90,5,Normal,130/85,70,8000,None,Take a walk in nature to clear your mind and reduce stress.,Use a weighted blanket to improve sleep quality.,Try high-intensity interval training (HIIT) for quick workouts.,Drink green tea to boost metabolism.
183,Male,42,Lawyer,7.8,8,90,5,Normal,130/85,70,8000,None,Take a walk in nature to clear your mind and reduce stress.,Maintain a strict bedtime to regulate your sleep cycle.,Add moderate cardio activities like swimming or cycling.,Limit salt intake to maintain healthy blood pressure.
184,Male,42,Lawyer,7.8,8,90,5,Normal,130/85,70,8000,None,Connect with a support group to talk about your concerns.,Avoid caffeine after 3 PM to improve sleep quality.,Try high-intensity interval training (HIIT) for quick workouts.,Switch to whole grains instead of refined carbs.
185,Female,42,Teacher,6.8,6,45,7,Overweight,130/85,78,5000,Sleep Apnea,Connect with a support group to talk about your concerns.,Use a weighted blanket to improve sleep quality.,Add moderate cardio activities like swimming or cycling.,Switch to whole grains instead of refined carbs.
186,Female,42,Teacher,6.8,6,45,7,Overweight,130/85,78,5000,Sleep Apnea,Practice deep breathing exercises to lower stress levels.,Create a calming bedtime ritual like reading or stretching.,Start with low-impact exercises like walking or yoga.,Switch to whole grains instead of refined carbs.
187,Female,43,Teacher,6.7,7,45,4,Overweight,135/90,65,6000,Insomnia,Connect with a support group to talk about your concerns.,Use a weighted blanket to improve sleep quality.,Start with low-impact exercises like walking or yoga.,Limit salt intake to maintain healthy blood pressure.
188,Male,43,Salesperson,6.3,6,45,7,Overweight,130/85,72,6000,Insomnia,Practice deep breathing exercises to lower stress levels.,Maintain a strict bedtime to regulate your sleep cycle.,Incorporate strength training twice a week to build muscle.,Switch to whole grains instead of refined carbs.
189,Female,43,Teacher,6.7,7,45,4,Overweight,135/90,65,6000,Insomnia,Practice deep breathing exercises to lower stress levels.,Maintain a strict bedtime to regulate your sleep cycle.,Start with low-impact exercises like walking or yoga.,Follow a balanced meal plan rich in lean protein and fiber.
190,Male,43,Salesperson,6.5,6,45,7,Overweight,130/85,72,6000,Insomnia,Engage in 20-minute mindfulness meditation sessions.,Adjust your bedroom temperature for optimal comfort.,Try high-intensity interval training (HIIT) for quick workouts.,Incorporate more fruits and vegetables into your meals.
191,Female,43,Teacher,6.7,7,45,4,Overweight,135/90,65,6000,Insomnia,Connect with a support group to talk about your concerns.,Avoid caffeine after 3 PM to improve sleep quality.,Add moderate cardio activities like swimming or cycling.,Follow a balanced meal plan rich in lean protein and fiber.
192,Male,43,Salesperson,6.4,6,45,7,Overweight,130/85,72,6000,Insomnia,Practice deep breathing exercises to lower stress levels.,Use a weighted blanket to improve sleep quality.,Incorporate strength training twice a week to build muscle.,Follow a balanced meal plan rich in lean protein and fiber.
193,Male,43,Salesperson,6.5,6,45,7,Overweight,130/85,72,6000,Insomnia,Connect with a support group to talk about your concerns.,Adjust your bedroom temperature for optimal comfort.,Try high-intensity interval training (HIIT) for quick workouts.,Drink green tea to boost metabolism.
194,Male,43,Salesperson,6.5,6,45,7,Overweight,130/85,72,6000,Insomnia,Engage in 20-minute mindfulness meditation sessions.,Maintain a strict bedtime to regulate your sleep cycle.,Add moderate cardio activities like swimming or cycling.,Follow a balanced meal plan rich in lean protein and fiber.
195,Male,43,Salesperson,6.5,6,45,7,Overweight,130/85,72,6000,Insomnia,Engage in 20-minute mindfulness meditation sessions.,Use a weighted blanket to improve sleep quality.,Try high-intensity interval training (HIIT) for quick workouts.,Follow a balanced meal plan rich in lean protein and fiber.
196,Male,43,Salesperson,6.5,6,45,7,Overweight,130/85,72,6000,Insomnia,Engage in 20-minute mindfulness meditation sessions.,Maintain a strict bedtime to regulate your sleep cycle.,Try high-intensity interval training (HIIT) for quick workouts.,Switch to whole grains instead of refined carbs.
197,Male,43,Salesperson,6.5,6,45,7,Overweight,130/85,72,6000,Insomnia,Practice deep breathing exercises to lower stress levels.,Avoid caffeine after 3 PM to improve sleep quality.,Try high-intensity interval training (HIIT) for quick workouts.,Incorporate more fruits and vegetables into your meals.
198,Male,43,Salesperson,6.5,6,45,7,Overweight,130/85,72,6000,Insomnia,Take a walk in nature to clear your mind and reduce stress.,Create a calming bedtime ritual like reading or stretching.,Join a recreational sports team to stay motivated.,Limit salt intake to maintain healthy blood pressure.
199,Male,43,Salesperson,6.5,6,45,7,Overweight,130/85,72,6000,Insomnia,Set boundaries at work to avoid burnout.,Avoid caffeine after 3 PM to improve sleep quality.,Join a recreational sports team to stay motivated.,Drink green tea to boost metabolism.
200,Male,43,Salesperson,6.5,6,45,7,Overweight,130/85,72,6000,Insomnia,Practice deep breathing exercises to lower stress levels.,Maintain a strict bedtime to regulate your sleep cycle.,Join a recreational sports team to stay motivated.,Switch to whole grains instead of refined carbs.
201,Male,43,Salesperson,6.5,6,45,7,Overweight,130/85,72,6000,Insomnia,Connect with a support group to talk about your concerns.,Adjust your bedroom temperature for optimal comfort.,Join a recreational sports team to stay motivated.,Incorporate more fruits and vegetables into your meals.
202,Male,43,Engineer,7.8,8,90,5,Normal,130/85,70,8000,Insomnia,Set boundaries at work to avoid burnout.,Maintain a strict bedtime to regulate your sleep cycle.,Add moderate cardio activities like swimming or cycling.,Drink green tea to boost metabolism.
203,Male,43,Engineer,7.8,8,90,5,Normal,130/85,70,8000,Insomnia,Engage in 20-minute mindfulness meditation sessions.,Use a weighted blanket to improve sleep quality.,Incorporate strength training twice a week to build muscle.,Drink green tea to boost metabolism.
204,Male,43,Engineer,6.9,6,47,7,Normal Weight,117/76,69,6800,None,Set boundaries at work to avoid burnout.,Maintain a strict bedtime to regulate your sleep cycle.,Add moderate cardio activities like swimming or cycling.,Limit salt intake to maintain healthy blood pressure.
205,Male,43,Engineer,7.6,8,75,4,Overweight,122/80,68,6800,None,Practice deep breathing exercises to lower stress levels.,Maintain a strict bedtime to regulate your sleep cycle.,Incorporate strength training twice a week to build muscle.,Limit salt intake to maintain healthy blood pressure.
206,Male,43,Engineer,7.7,8,90,5,Normal,130/85,70,8000,None,Take a walk in nature to clear your mind and reduce stress.,Maintain a strict bedtime to regulate your sleep cycle.,Join a recreational sports team to stay motivated.,Follow a balanced meal plan rich in lean protein and fiber.
207,Male,43,Engineer,7.7,8,90,5,Normal,130/85,70,8000,None,Set boundaries at work to avoid burnout.,Use a weighted blanket to improve sleep quality.,Start with low-impact exercises like walking or yoga.,Incorporate more fruits and vegetables into your meals.
208,Male,43,Engineer,7.7,8,90,5,Normal,130/85,70,8000,None,Engage in 20-minute mindfulness meditation sessions.,Use a weighted blanket to improve sleep quality.,Start with low-impact exercises like walking or yoga.,Switch to whole grains instead of refined carbs.
209,Male,43,Engineer,7.7,8,90,5,Normal,130/85,70,8000,None,Set boundaries at work to avoid burnout.,Use a weighted blanket to improve sleep quality.,Join a recreational sports team to stay motivated.,Switch to whole grains instead of refined carbs.
210,Male,43,Engineer,7.8,8,90,5,Normal,130/85,70,8000,None,Engage in 20-minute mindfulness meditation sessions.,Avoid caffeine after 3 PM to improve sleep quality.,Try high-intensity interval training (HIIT) for quick workouts.,Incorporate more fruits and vegetables into your meals.
211,Male,43,Engineer,7.7,8,90,5,Normal,130/85,70,8000,None,Practice deep breathing exercises to lower stress levels.,Maintain a strict bedtime to regulate your sleep cycle.,Add moderate cardio activities like swimming or cycling.,Switch to whole grains instead of refined carbs.
212,Male,43,Engineer,7.8,8,90,5,Normal,130/85,70,8000,None,Engage in 20-minute mindfulness meditation sessions.,Avoid caffeine after 3 PM to improve sleep quality.,Start with low-impact exercises like walking or yoga.,Switch to whole grains instead of refined carbs.
213,Male,43,Engineer,7.8,8,90,5,Normal,130/85,70,8000,None,Take a walk in nature to clear your mind and reduce stress.,Avoid caffeine after 3 PM to improve sleep quality.,Join a recreational sports team to stay motivated.,Switch to whole grains instead of refined carbs.
214,Male,43,Engineer,7.8,8,90,5,Normal,130/85,70,8000,None,Engage in 20-minute mindfulness meditation sessions.,Avoid caffeine after 3 PM to improve sleep quality.,Start with low-impact exercises like walking or yoga.,Switch to whole grains instead of refined carbs.
215,Male,43,Engineer,7.8,8,90,5,Normal,130/85,70,8000,None,Practice deep breathing exercises to lower stress levels.,Maintain a strict bedtime to regulate your sleep cycle.,Incorporate strength training twice a week to build muscle.,Drink green tea to boost metabolism.
216,Male,43,Engineer,7.8,8,90,5,Normal,130/85,70,8000,None,Connect with a support group to talk about your concerns.,Maintain a strict bedtime to regulate your sleep cycle.,Join a recreational sports team to stay motivated.,Follow a balanced meal plan rich in lean protein and fiber.
217,Male,43,Engineer,7.8,8,90,5,Normal,130/85,70,8000,None,Set boundaries at work to avoid burnout.,Avoid caffeine after 3 PM to improve sleep quality.,Add moderate cardio activities like swimming or cycling.,Drink green tea to boost metabolism.
218,Male,43,Engineer,7.8,8,90,5,Normal,130/85,70,8000,None,Practice deep breathing exercises to lower stress levels.,Adjust your bedroom temperature for optimal comfort.,Start with low-impact exercises like walking or yoga.,Incorporate more fruits and vegetables into your meals.
219,Male,43,Engineer,7.8,8,90,5,Normal,130/85,70,8000,Sleep Apnea,Engage in 20-minute mindfulness meditation sessions.,Maintain a strict bedtime to regulate your sleep cycle.,Start with low-impact exercises like walking or yoga.,Drink green tea to boost metabolism.
220,Male,43,Salesperson,6.5,6,45,7,Overweight,130/85,72,6000,Sleep Apnea,Take a walk in nature to clear your mind and reduce stress.,Use a weighted blanket to improve sleep quality.,Start with low-impact exercises like walking or yoga.,Follow a balanced meal plan rich in lean protein and fiber.
221,Female,44,Teacher,6.6,7,45,4,Overweight,135/90,65,6000,Insomnia,Set boundaries at work to avoid burnout.,Use a weighted blanket to improve sleep quality.,Incorporate strength training twice a week to build muscle.,Switch to whole grains instead of refined carbs.
222,Male,44,Salesperson,6.4,6,45,7,Overweight,130/85,72,6000,Insomnia,Set boundaries at work to avoid burnout.,Avoid caffeine after 3 PM to improve sleep quality.,Try high-intensity interval training (HIIT) for quick workouts.,Drink green tea to boost metabolism.
223,Male,44,Salesperson,6.3,6,45,7,Overweight,130/85,72,6000,Insomnia,Take a walk in nature to clear your mind and reduce stress.,Adjust your bedroom temperature for optimal comfort.,Incorporate strength training twice a week to build muscle.,Limit salt intake to maintain healthy blood pressure.
224,Male,44,Salesperson,6.4,6,45,7,Overweight,130/85,72,6000,Insomnia,Engage in 20-minute mindfulness meditation sessions.,Create a calming bedtime ritual like reading or stretching.,Incorporate strength training twice a week to build muscle.,Follow a balanced meal plan rich in lean protein and fiber.
225,Female,44,Teacher,6.6,7,45,4,Overweight,135/90,65,6000,Insomnia,Connect with a support group to talk about your concerns.,Maintain a strict bedtime to regulate your sleep cycle.,Join a recreational sports team to stay motivated.,Limit salt intake to maintain healthy blood pressure.
226,Male,44,Salesperson,6.3,6,45,7,Overweight,130/85,72,6000,Insomnia,Set boundaries at work to avoid burnout.,Maintain a strict bedtime to regulate your sleep cycle.,Incorporate strength training twice a week to build muscle.,Incorporate more fruits and vegetables into your meals.
227,Female,44,Teacher,6.6,7,45,4,Overweight,135/90,65,6000,Insomnia,Practice deep breathing exercises to lower stress levels.,Create a calming bedtime ritual like reading or stretching.,Join a recreational sports team to stay motivated.,Switch to whole grains instead of refined carbs.
228,Male,44,Salesperson,6.3,6,45,7,Overweight,130/85,72,6000,Insomnia,Practice deep breathing exercises to lower stress levels.,Adjust your bedroom temperature for optimal comfort.,Try high-intensity interval training (HIIT) for quick workouts.,Switch to whole grains instead of refined carbs.
229,Female,44,Teacher,6.6,7,45,4,Overweight,135/90,65,6000,Insomnia,Take a walk in nature to clear your mind and reduce stress.,Use a weighted blanket to improve sleep quality.,Incorporate strength training twice a week to build muscle.,Limit salt intake to maintain healthy blood pressure.
230,Male,44,Salesperson,6.3,6,45,7,Overweight,130/85,72,6000,Insomnia,Set boundaries at work to avoid burnout.,Avoid caffeine after 3 PM to improve sleep quality.,Try high-intensity interval training (HIIT) for quick workouts.,Switch to whole grains instead of refined carbs.
231,Female,44,Teacher,6.6,7,45,4,Overweight,135/90,65,6000,Insomnia,Practice deep breathing exercises to lower stress levels.,Create a calming bedtime ritual like reading or stretching.,Start with low-impact exercises like walking or yoga.,Follow a balanced meal plan rich in lean protein and fiber.
232,Male,44,Salesperson,6.3,6,45,7,Overweight,130/85,72,6000,Insomnia,Take a walk in nature to clear your mind and reduce stress.,Maintain a strict bedtime to regulate your sleep cycle.,Join a recreational sports team to stay motivated.,Switch to whole grains instead of refined carbs.
233,Female,44,Teacher,6.6,7,45,4,Overweight,135/90,65,6000,Insomnia,Engage in 20-minute mindfulness meditation sessions.,Avoid caffeine after 3 PM to improve sleep quality.,Add moderate cardio activities like swimming or cycling.,Follow a balanced meal plan rich in lean protein and fiber.
234,Male,44,Salesperson,6.3,6,45,7,Overweight,130/85,72,6000,Insomnia,Practice deep breathing exercises to lower stress levels.,Maintain a strict bedtime to regulate your sleep cycle.,Try high-intensity interval training (HIIT) for quick workouts.,Follow a balanced meal plan rich in lean protein and fiber.
235,Female,44,Teacher,6.6,7,45,4,Overweight,135/90,65,6000,Insomnia,Take a walk in nature to clear your mind and reduce stress.,Adjust your bedroom temperature for optimal comfort.,Add moderate cardio activities like swimming or cycling.,Limit salt intake to maintain healthy blood pressure.
236,Male,44,Salesperson,6.3,6,45,7,Overweight,130/85,72,6000,Insomnia,Connect with a support group to talk about your concerns.,Adjust your bedroom temperature for optimal comfort.,Start with low-impact exercises like walking or yoga.,Drink green tea to boost metabolism.
237,Male,44,Salesperson,6.4,6,45,7,Overweight,130/85,72,6000,Insomnia,Set boundaries at work to avoid burnout.,Avoid caffeine after 3 PM to improve sleep quality.,Try high-intensity interval training (HIIT) for quick workouts.,Drink green tea to boost metabolism.
238,Female,44,Teacher,6.5,7,45,4,Overweight,135/90,65,6000,Insomnia,Connect with a support group to talk about your concerns.,Adjust your bedroom temperature for optimal comfort.,Start with low-impact exercises like walking or yoga.,Limit salt intake to maintain healthy blood pressure.
239,Male,44,Salesperson,6.3,6,45,7,Overweight,130/85,72,6000,Insomnia,Connect with a support group to talk about your concerns.,Avoid caffeine after 3 PM to improve sleep quality.,Start with low-impact exercises like walking or yoga.,Limit salt intake to maintain healthy blood pressure.
240,Male,44,Salesperson,6.4,6,45,7,Overweight,130/85,72,6000,Insomnia,Take a walk in nature to clear your mind and reduce stress.,Create a calming bedtime ritual like reading or stretching.,Start with low-impact exercises like walking or yoga.,Follow a balanced meal plan rich in lean protein and fiber.
241,Female,44,Teacher,6.5,7,45,4,Overweight,135/90,65,6000,Insomnia,Engage in 20-minute mindfulness meditation sessions.,Maintain a strict bedtime to regulate your sleep cycle.,Join a recreational sports team to stay motivated.,Drink green tea to boost metabolism.
242,Male,44,Salesperson,6.3,6,45,7,Overweight,130/85,72,6000,Insomnia,Practice deep breathing exercises to lower stress levels.,Maintain a strict bedtime to regulate your sleep cycle.,Incorporate strength training twice a week to build muscle.,Switch to whole grains instead of refined carbs.
243,Male,44,Salesperson,6.4,6,45,7,Overweight,130/85,72,6000,Insomnia,Practice deep breathing exercises to lower stress levels.,Adjust your bedroom temperature for optimal comfort.,Try high-intensity interval training (HIIT) for quick workouts.,Drink green tea to boost metabolism.
244,Female,44,Teacher,6.5,7,45,4,Overweight,135/90,65,6000,Insomnia,Practice deep breathing exercises to lower stress levels.,Maintain a strict bedtime to regulate your sleep cycle.,Add moderate cardio activities like swimming or cycling.,Follow a balanced meal plan rich in lean protein and fiber.
245,Male,44,Salesperson,6.3,6,45,7,Overweight,130/85,72,6000,Insomnia,Take a walk in nature to clear your mind and reduce stress.,Adjust your bedroom temperature for optimal comfort.,Incorporate strength training twice a week to build muscle.,Switch to whole grains instead of refined carbs.
246,Female,44,Teacher,6.5,7,45,4,Overweight,135/90,65,6000,Insomnia,Practice deep breathing exercises to lower stress levels.,Avoid caffeine after 3 PM to improve sleep quality.,Add moderate cardio activities like swimming or cycling.,Drink green tea to boost metabolism.
247,Male,44,Salesperson,6.3,6,45,7,Overweight,130/85,72,6000,Insomnia,Connect with a support group to talk about your concerns.,Use a weighted blanket to improve sleep quality.,Try high-intensity interval training (HIIT) for quick workouts.,Switch to whole grains instead of refined carbs.
248,Male,44,Engineer,6.8,7,45,7,Overweight,130/85,78,5000,Insomnia,Connect with a support group to talk about your concerns.,Adjust your bedroom temperature for optimal comfort.,Add moderate cardio activities like swimming or cycling.,Drink green tea to boost metabolism.
249,Male,44,Salesperson,6.4,6,45,7,Overweight,130/85,72,6000,None,Engage in 20-minute mindfulness meditation sessions.,Adjust your bedroom temperature for optimal comfort.,Incorporate strength training twice a week to build muscle.,Incorporate more fruits and vegetables into your meals.
250,Male,44,Salesperson,6.5,6,45,7,Overweight,130/85,72,6000,None,Connect with a support group to talk about your concerns.,Create a calming bedtime ritual like reading or stretching.,Join a recreational sports team to stay motivated.,Follow a balanced meal plan rich in lean protein and fiber.
251,Female,45,Teacher,6.8,7,30,6,Overweight,135/90,65,6000,Insomnia,Set boundaries at work to avoid burnout.,Adjust your bedroom temperature for optimal comfort.,Start with 10-minute walks and gradually increase activity.,Drink green tea to boost metabolism.
252,Female,45,Teacher,6.8,7,30,6,Overweight,135/90,65,6000,Insomnia,Take a walk in nature to clear your mind and reduce stress.,Maintain a strict bedtime to regulate your sleep cycle.,Add moderate cardio activities like swimming or cycling.,Drink green tea to boost metabolism.
253,Female,45,Teacher,6.5,7,45,4,Overweight,135/90,65,6000,Insomnia,Take a walk in nature to clear your mind and reduce stress.,Maintain a strict bedtime to regulate your sleep cycle.,Incorporate strength training twice a week to build muscle.,Drink green tea to boost metabolism.
254,Female,45,Teacher,6.5,7,45,4,Overweight,135/90,65,6000,Insomnia,Practice deep breathing exercises to lower stress levels.,Create a calming bedtime ritual like reading or stretching.,Try high-intensity interval training (HIIT) for quick workouts.,Incorporate more fruits and vegetables into your meals.
255,Female,45,Teacher,6.5,7,45,4,Overweight,135/90,65,6000,Insomnia,Practice deep breathing exercises to lower stress levels.,Maintain a strict bedtime to regulate your sleep cycle.,Start with low-impact exercises like walking or yoga.,Limit salt intake to maintain healthy blood pressure.
256,Female,45,Teacher,6.5,7,45,4,Overweight,135/90,65,6000,Insomnia,Connect with a support group to talk about your concerns.,Use a weighted blanket to improve sleep quality.,Join a recreational sports team to stay motivated.,Drink green tea to boost metabolism.
257,Female,45,Teacher,6.6,7,45,4,Overweight,135/90,65,6000,Insomnia,Engage in 20-minute mindfulness meditation sessions.,Use a weighted blanket to improve sleep quality.,Add moderate cardio activities like swimming or cycling.,Follow a balanced meal plan rich in lean protein and fiber.
258,Female,45,Teacher,6.6,7,45,4,Overweight,135/90,65,6000,Insomnia,Engage in 20-minute mindfulness meditation sessions.,Adjust your bedroom temperature for optimal comfort.,Add moderate cardio activities like swimming or cycling.,Follow a balanced meal plan rich in lean protein and fiber.
259,Female,45,Teacher,6.6,7,45,4,Overweight,135/90,65,6000,Insomnia,Connect with a support group to talk about your concerns.,Maintain a strict bedtime to regulate your sleep cycle.,Try high-intensity interval training (HIIT) for quick workouts.,Switch to whole grains instead of refined carbs.
260,Female,45,Teacher,6.6,7,45,4,Overweight,135/90,65,6000,Insomnia,Set boundaries at work to avoid burnout.,Maintain a strict bedtime to regulate your sleep cycle.,Join a recreational sports team to stay motivated.,Incorporate more fruits and vegetables into your meals.
261,Female,45,Teacher,6.6,7,45,4,Overweight,135/90,65,6000,Insomnia,Practice deep breathing exercises to lower stress levels.,Avoid caffeine after 3 PM to improve sleep quality.,Start with low-impact exercises like walking or yoga.,Switch to whole grains instead of refined carbs.
262,Female,45,Teacher,6.6,7,45,4,Overweight,135/90,65,6000,None,Take a walk in nature to clear your mind and reduce stress.,Avoid caffeine after 3 PM to improve sleep quality.,Start with low-impact exercises like walking or yoga.,Incorporate more fruits and vegetables into your meals.
263,Female,45,Teacher,6.6,7,45,4,Overweight,135/90,65,6000,None,Set boundaries at work to avoid burnout.,Use a weighted blanket to improve sleep quality.,Start with low-impact exercises like walking or yoga.,Switch to whole grains instead of refined carbs.
264,Female,45,Manager,6.9,7,55,5,Overweight,125/82,75,5500,None,Practice deep breathing exercises to lower stress levels.,Maintain a strict bedtime to regulate your sleep cycle.,Start with low-impact exercises like walking or yoga.,Drink green tea to boost metabolism.
265,Male,48,Doctor,7.3,7,65,5,Obese,142/92,83,3500,Insomnia,Set boundaries at work to avoid burnout.,Avoid caffeine after 3 PM to improve sleep quality.,Join a recreational sports team to stay motivated.,Limit salt intake to maintain healthy blood pressure.
266,Female,48,Nurse,5.9,6,90,8,Overweight,140/95,75,10000,Sleep Apnea,Engage in 20-minute mindfulness meditation sessions.,Create a calming bedtime ritual like reading or stretching.,Incorporate strength training twice a week to build muscle.,Drink green tea to boost metabolism.
267,Male,48,Doctor,7.3,7,65,5,Obese,142/92,83,3500,Insomnia,Set boundaries at work to avoid burnout.,Use a weighted blanket to improve sleep quality.,Add moderate cardio activities like swimming or cycling.,Drink green tea to boost metabolism.
268,Female,49,Nurse,6.2,6,90,8,Overweight,140/95,75,10000,None,Connect with a support group to talk about your concerns.,Use a weighted blanket to improve sleep quality.,Join a recreational sports team to stay motivated.,Drink green tea to boost metabolism.
269,Female,49,Nurse,6.0,6,90,8,Overweight,140/95,75,10000,Sleep Apnea,Connect with a support group to talk about your concerns.,Create a calming bedtime ritual like reading or stretching.,Join a recreational sports team to stay motivated.,Follow a balanced meal plan rich in lean protein and fiber.
270,Female,49,Nurse,6.1,6,90,8,Overweight,140/95,75,10000,Sleep Apnea,Practice deep breathing exercises to lower stress levels.,Avoid caffeine after 3 PM to improve sleep quality.,Join a recreational sports team to stay motivated.,Follow a balanced meal plan rich in lean protein and fiber.
271,Female,49,Nurse,6.1,6,90,8,Overweight,140/95,75,10000,Sleep Apnea,Take frequent breaks to reduce mental fatigue.,Maintain a strict bedtime to regulate your sleep cycle.,Start with low-impact exercises like walking or yoga.,Incorporate more fruits and vegetables into your meals.
272,Female,49,Nurse,6.1,6,90,8,Overweight,140/95,75,10000,Sleep Apnea,Take frequent breaks to reduce mental fatigue.,Avoid caffeine after 3 PM to improve sleep quality.,Incorporate strength training twice a week to build muscle.,Switch to whole grains instead of refined carbs.
273,Female,49,Nurse,6.1,6,90,8,Overweight,140/95,75,10000,Sleep Apnea,Connect with a support group to talk about your concerns.,Adjust your bedroom temperature for optimal comfort.,Join a recreational sports team to stay motivated.,Limit salt intake to maintain healthy blood pressure.
274,Female,49,Nurse,6.2,6,90,8,Overweight,140/95,75,10000,Sleep Apnea,Take a walk in nature to clear your mind and reduce stress.,Maintain a strict bedtime to regulate your sleep cycle.,Start with low-impact exercises like walking or yoga.,Drink green tea to boost metabolism.
275,Female,49,Nurse,6.2,6,90,8,Overweight,140/95,75,10000,Sleep Apnea,Connect with a support group to talk about your concerns.,Adjust your bedroom temperature for optimal comfort.,Join a recreational sports team to stay motivated.,Follow a balanced meal plan rich in lean protein and fiber.
276,Female,49,Nurse,6.2,6,90,8,Overweight,140/95,75,10000,Sleep Apnea,Engage in 20-minute mindfulness meditation sessions.,Adjust your bedroom temperature for optimal comfort.,Start with low-impact exercises like walking or yoga.,Switch to whole grains instead of refined carbs.
277,Male,49,Doctor,8.1,9,85,3,Obese,139/91,86,3700,Sleep Apnea,Connect with a support group to talk about your concerns.,Maintain a strict bedtime to regulate your sleep cycle.,Incorporate strength training twice a week to build muscle.,Follow a balanced meal plan rich in lean protein and fiber.
278,Male,49,Doctor,8.1,9,85,3,Obese,139/91,86,3700,Sleep Apnea,Practice deep breathing exercises to lower stress levels.,Adjust your bedroom temperature for optimal comfort.,Join a recreational sports team to stay motivated.,Follow a balanced meal plan rich in lean protein and fiber.
279,Female,50,Nurse,6.1,6,90,8,Overweight,140/95,75,10000,Insomnia,Set boundaries at work to avoid burnout.,Maintain a strict bedtime to regulate your sleep cycle.,Try high-intensity interval training (HIIT) for quick workouts.,Limit salt intake to maintain healthy blood pressure.
280,Female,50,Engineer,8.3,9,30,3,Normal,125/80,65,5000,None,Engage in 20-minute mindfulness meditation sessions.,Adjust your bedroom temperature for optimal comfort.,Join a recreational sports team to stay motivated.,Switch to whole grains instead of refined carbs.
281,Female,50,Nurse,6.0,6,90,8,Overweight,140/95,75,10000,None,Connect with a support group to talk about your concerns.,Maintain a strict bedtime to regulate your sleep cycle.,Try high-intensity interval training (HIIT) for quick workouts.,Drink green tea to boost metabolism.
282,Female,50,Nurse,6.1,6,90,8,Overweight,140/95,75,10000,Sleep Apnea,Engage in 20-minute mindfulness meditation sessions.,Adjust your bedroom temperature for optimal comfort.,Join a recreational sports team to stay motivated.,Limit salt intake to maintain healthy blood pressure.
283,Female,50,Nurse,6.0,6,90,8,Overweight,140/95,75,10000,Sleep Apnea,Connect with a support group to talk about your concerns.,Maintain a strict bedtime to regulate your sleep cycle.,Incorporate strength training twice a week to build muscle.,Drink green tea to boost metabolism.
284,Female,50,Nurse,6.0,6,90,8,Overweight,140/95,75,10000,Sleep Apnea,Take frequent breaks to reduce mental fatigue.,Avoid caffeine after 3 PM to improve sleep quality.,Join a recreational sports team to stay motivated.,Switch to whole grains instead of refined carbs.
285,Female,50,Nurse,6.0,6,90,8,Overweight,140/95,75,10000,Sleep Apnea,Connect with a support group to talk about your concerns.,Adjust your bedroom temperature for optimal comfort.,Try high-intensity interval training (HIIT) for quick workouts.,Switch to whole grains instead of refined carbs.
286,Female,50,Nurse,6.0,6,90,8,Overweight,140/95,75,10000,Sleep Apnea,Practice deep breathing exercises to lower stress levels.,Adjust your bedroom temperature for optimal comfort.,Join a recreational sports team to stay motivated.,Follow a balanced meal plan rich in lean protein and fiber.
287,Female,50,Nurse,6.0,6,90,8,Overweight,140/95,75,10000,Sleep Apnea,Take frequent breaks to reduce mental fatigue.,Create a calming bedtime ritual like reading or stretching.,Try high-intensity interval training (HIIT) for quick workouts.,Drink green tea to boost metabolism.
288,Female,50,Nurse,6.0,6,90,8,Overweight,140/95,75,10000,Sleep Apnea,Set boundaries at work to avoid burnout.,Maintain a strict bedtime to regulate your sleep cycle.,Incorporate strength training twice a week to build muscle.,Incorporate more fruits and vegetables into your meals.
289,Female,50,Nurse,6.0,6,90,8,Overweight,140/95,75,10000,Sleep Apnea,Practice deep breathing exercises to lower stress levels.,Avoid caffeine after 3 PM to improve sleep quality.,Join a recreational sports team to stay motivated.,Follow a balanced meal plan rich in lean protein and fiber.
290,Female,50,Nurse,6.1,6,90,8,Overweight,140/95,75,10000,Sleep Apnea,Take frequent breaks to reduce mental fatigue.,Avoid caffeine after 3 PM to improve sleep quality.,Start with low-impact exercises like walking or yoga.,Switch to whole grains instead of refined carbs.
291,Female,50,Nurse,6.0,6,90,8,Overweight,140/95,75,10000,Sleep Apnea,Engage in 20-minute mindfulness meditation sessions.,Maintain a strict bedtime to regulate your sleep cycle.,Incorporate strength training twice a week to build muscle.,Drink green tea to boost metabolism.
292,Female,50,Nurse,6.1,6,90,8,Overweight,140/95,75,10000,Sleep Apnea,Practice deep breathing exercises to lower stress levels.,Maintain a strict bedtime to regulate your sleep cycle.,Start with low-impact exercises like walking or yoga.,Follow a balanced meal plan rich in lean protein and fiber.
293,Female,50,Nurse,6.1,6,90,8,Overweight,140/95,75,10000,Sleep Apnea,Practice deep breathing exercises to lower stress levels.,Create a calming bedtime ritual like reading or stretching.,Start with low-impact exercises like walking or yoga.,Switch to whole grains instead of refined carbs.
294,Female,50,Nurse,6.0,6,90,8,Overweight,140/95,75,10000,Sleep Apnea,Take frequent breaks to reduce mental fatigue.,Create a calming bedtime ritual like reading or stretching.,Try high-intensity interval training (HIIT) for quick workouts.,Drink green tea to boost metabolism.
295,Female,50,Nurse,6.1,6,90,8,Overweight,140/95,75,10000,Sleep Apnea,Set boundaries at work to avoid burnout.,Adjust your bedroom temperature for optimal comfort.,Join a recreational sports team to stay motivated.,Switch to whole grains instead of refined carbs.
296,Female,50,Nurse,6.0,6,90,8,Overweight,140/95,75,10000,Sleep Apnea,Set boundaries at work to avoid burnout.,Create a calming bedtime ritual like reading or stretching.,Add moderate cardio activities like swimming or cycling.,Drink green tea to boost metabolism.
297,Female,50,Nurse,6.1,6,90,8,Overweight,140/95,75,10000,Sleep Apnea,Take a walk in nature to clear your mind and reduce stress.,Create a calming bedtime ritual like reading or stretching.,Join a recreational sports team to stay motivated.,Switch to whole grains instead of refined carbs.
298,Female,50,Nurse,6.1,6,90,8,Overweight,140/95,75,10000,Sleep Apnea,Take frequent breaks to reduce mental fatigue.,Maintain a strict bedtime to regulate your sleep cycle.,Add moderate cardio activities like swimming or cycling.,Limit salt intake to maintain healthy blood pressure.
299,Female,51,Engineer,8.5,9,30,3,Normal,125/80,65,5000,None,Engage in 20-minute mindfulness meditation sessions.,Avoid caffeine after 3 PM to improve sleep quality.,Start with 10-minute walks and gradually increase activity.,Switch to whole grains instead of refined carbs.
300,Female,51,Engineer,8.5,9,30,3,Normal,125/80,65,5000,None,Take a walk in nature to clear your mind and reduce stress.,Avoid caffeine after 3 PM to improve sleep quality.,Add moderate cardio activities like swimming or cycling.,Limit salt intake to maintain healthy blood pressure.
301,Female,51,Engineer,8.5,9,30,3,Normal,125/80,65,5000,None,Connect with a support group to talk about your concerns.,Avoid caffeine after 3 PM to improve sleep quality.,Join a recreational sports team to stay motivated.,Switch to whole grains instead of refined carbs.
302,Female,51,Engineer,8.5,9,30,3,Normal,125/80,65,5000,None,Take a walk in nature to clear your mind and reduce stress.,Use a weighted blanket to improve sleep quality.,Incorporate strength training twice a week to build muscle.,Drink green tea to boost metabolism.
303,Female,51,Nurse,7.1,7,55,6,Normal Weight,125/82,72,6000,None,Set boundaries at work to avoid burnout.,Adjust your bedroom temperature for optimal comfort.,Start with low-impact exercises like walking or yoga.,Incorporate more fruits and vegetables into your meals.
304,Female,51,Nurse,6.0,6,90,8,Overweight,140/95,75,10000,Sleep Apnea,Connect with a support group to talk about your concerns.,Maintain a strict bedtime to regulate your sleep cycle.,Join a recreational sports team to stay motivated.,Limit salt intake to maintain healthy blood pressure.
305,Female,51,Nurse,6.1,6,90,8,Overweight,140/95,75,10000,Sleep Apnea,Connect with a support group to talk about your concerns.,Create a calming bedtime ritual like reading or stretching.,Try high-intensity interval training (HIIT) for quick workouts.,Limit salt intake to maintain healthy blood pressure.
306,Female,51,Nurse,6.1,6,90,8,Overweight,140/95,75,10000,Sleep Apnea,Connect with a support group to talk about your concerns.,Create a calming bedtime ritual like reading or stretching.,Start with low-impact exercises like walking or yoga.,Limit salt intake to maintain healthy blood pressure.
307,Female,52,Accountant,6.5,7,45,7,Overweight,130/85,72,6000,Insomnia,Take a walk in nature to clear your mind and reduce stress.,Adjust your bedroom temperature for optimal comfort.,Start with low-impact exercises like walking or yoga.,Follow a balanced meal plan rich in lean protein and fiber.
308,Female,52,Accountant,6.5,7,45,7,Overweight,130/85,72,6000,Insomnia,Engage in 20-minute mindfulness meditation sessions.,Create a calming bedtime ritual like reading or stretching.,Start with low-impact exercises like walking or yoga.,Incorporate more fruits and vegetables into your meals.
309,Female,52,Accountant,6.6,7,45,7,Overweight,130/85,72,6000,Insomnia,Engage in 20-minute mindfulness meditation sessions.,Maintain a strict bedtime to regulate your sleep cycle.,Start with low-impact exercises like walking or yoga.,Incorporate more fruits and vegetables into your meals.
310,Female,52,Accountant,6.6,7,45,7,Overweight,130/85,72,6000,Insomnia,Practice deep breathing exercises to lower stress levels.,Adjust your bedroom temperature for optimal comfort.,Join a recreational sports team to stay motivated.,Incorporate more fruits and vegetables into your meals.
311,Female,52,Accountant,6.6,7,45,7,Overweight,130/85,72,6000,Insomnia,Engage in 20-minute mindfulness meditation sessions.,Maintain a strict bedtime to regulate your sleep cycle.,Incorporate strength training twice a week to build muscle.,Limit salt intake to maintain healthy blood pressure.
312,Female,52,Accountant,6.6,7,45,7,Overweight,130/85,72,6000,Insomnia,Connect with a support group to talk about your concerns.,Use a weighted blanket to improve sleep quality.,Add moderate cardio activities like swimming or cycling.,Limit salt intake to maintain healthy blood pressure.
313,Female,52,Engineer,8.4,9,30,3,Normal,125/80,65,5000,None,Engage in 20-minute mindfulness meditation sessions.,Adjust your bedroom temperature for optimal comfort.,Incorporate strength training twice a week to build muscle.,Switch to whole grains instead of refined carbs.
314,Female,52,Engineer,8.4,9,30,3,Normal,125/80,65,5000,None,Set boundaries at work to avoid burnout.,Use a weighted blanket to improve sleep quality.,Try high-intensity interval training (HIIT) for quick workouts.,Follow a balanced meal plan rich in lean protein and fiber.
315,Female,52,Engineer,8.4,9,30,3,Normal,125/80,65,5000,None,Engage in 20-minute mindfulness meditation sessions.,Maintain a strict bedtime to regulate your sleep cycle.,Add moderate cardio activities like swimming or cycling.,Follow a balanced meal plan rich in lean protein and fiber.
316,Female,53,Engineer,8.3,9,30,3,Normal,125/80,65,5000,Insomnia,Set boundaries at work to avoid burnout.,Create a calming bedtime ritual like reading or stretching.,Incorporate strength training twice a week to build muscle.,Follow a balanced meal plan rich in lean protein and fiber.
317,Female,53,Engineer,8.5,9,30,3,Normal,125/80,65,5000,None,Take a walk in nature to clear your mind and reduce stress.,Create a calming bedtime ritual like reading or stretching.,Join a recreational sports team to stay motivated.,Limit salt intake to maintain healthy blood pressure.
318,Female,53,Engineer,8.5,9,30,3,Normal,125/80,65,5000,None,Connect with a support group to talk about your concerns.,Avoid caffeine after 3 PM to improve sleep quality.,Try high-intensity interval training (HIIT) for quick workouts.,Drink green tea to boost metabolism.
319,Female,53,Engineer,8.4,9,30,3,Normal,125/80,65,5000,None,Connect with a support group to talk about your concerns.,Create a calming bedtime ritual like reading or stretching.,Start with low-impact exercises like walking or yoga.,Limit salt intake to maintain healthy blood pressure.
320,Female,53,Engineer,8.4,9,30,3,Normal,125/80,65,5000,None,Connect with a support group to talk about your concerns.,Avoid caffeine after 3 PM to improve sleep quality.,Join a recreational sports team to stay motivated.,Switch to whole grains instead of refined carbs.
321,Female,53,Engineer,8.5,9,30,3,Normal,125/80,65,5000,None,Practice deep breathing exercises to lower stress levels.,Maintain a strict bedtime to regulate your sleep cycle.,Incorporate strength training twice a week to build muscle.,Incorporate more fruits and vegetables into your meals.
322,Female,53,Engineer,8.4,9,30,3,Normal,125/80,65,5000,None,Set boundaries at work to avoid burnout.,Use a weighted blanket to improve sleep quality.,Add moderate cardio activities like swimming or cycling.,Incorporate more fruits and vegetables into your meals.
323,Female,53,Engineer,8.4,9,30,3,Normal,125/80,65,5000,None,Connect with a support group to talk about your concerns.,Adjust your bedroom temperature for optimal comfort.,Start with low-impact exercises like walking or yoga.,Follow a balanced meal plan rich in lean protein and fiber.
324,Female,53,Engineer,8.5,9,30,3,Normal,125/80,65,5000,None,Engage in 20-minute mindfulness meditation sessions.,Maintain a strict bedtime to regulate your sleep cycle.,Incorporate strength training twice a week to build muscle.,Limit salt intake to maintain healthy blood pressure.
325,Female,53,Engineer,8.3,9,30,3,Normal,125/80,65,5000,None,Engage in 20-minute mindfulness meditation sessions.,Maintain a strict bedtime to regulate your sleep cycle.,Join a recreational sports team to stay motivated.,Incorporate more fruits and vegetables into your meals.
326,Female,53,Engineer,8.5,9,30,3,Normal,125/80,65,5000,None,Engage in 20-minute mindfulness meditation sessions.,Use a weighted blanket to improve sleep quality.,Add moderate cardio activities like swimming or cycling.,Follow a balanced meal plan rich in lean protein and fiber.
327,Female,53,Engineer,8.3,9,30,3,Normal,125/80,65,5000,None,Engage in 20-minute mindfulness meditation sessions.,Use a weighted blanket to improve sleep quality.,Incorporate strength training twice a week to build muscle.,Switch to whole grains instead of refined carbs.
328,Female,53,Engineer,8.5,9,30,3,Normal,125/80,65,5000,None,Take a walk in nature to clear your mind and reduce stress.,Avoid caffeine after 3 PM to improve sleep quality.,Try high-intensity interval training (HIIT) for quick workouts.,Incorporate more fruits and vegetables into your meals.
329,Female,53,Engineer,8.3,9,30,3,Normal,125/80,65,5000,None,Connect with a support group to talk about your concerns.,Maintain a strict bedtime to regulate your sleep cycle.,Join a recreational sports team to stay motivated.,Incorporate more fruits and vegetables into your meals.
330,Female,53,Engineer,8.5,9,30,3,Normal,125/80,65,5000,None,Connect with a support group to talk about your concerns.,Maintain a strict bedtime to regulate your sleep cycle.,Start with low-impact exercises like walking or yoga.,Limit salt intake to maintain healthy blood pressure.
331,Female,53,Engineer,8.5,9,30,3,Normal,125/80,65,5000,None,Take a walk in nature to clear your mind and reduce stress.,Avoid caffeine after 3 PM to improve sleep quality.,Start with low-impact exercises like walking or yoga.,Limit salt intake to maintain healthy blood pressure.
332,Female,53,Engineer,8.4,9,30,3,Normal,125/80,65,5000,None,Practice deep breathing exercises to lower stress levels.,Adjust your bedroom temperature for optimal comfort.,Start with 10-minute walks and gradually increase activity.,Switch to whole grains instead of refined carbs.
333,Female,54,Engineer,8.4,9,30,3,Normal,125/80,65,5000,None,Engage in 20-minute mindfulness meditation sessions.,Maintain a strict bedtime to regulate your sleep cycle.,Join a recreational sports team to stay motivated.,Switch to whole grains instead of refined carbs.
334,Female,54,Engineer,8.4,9,30,3,Normal,125/80,65,5000,None,Practice deep breathing exercises to lower stress levels.,Adjust your bedroom temperature for optimal comfort.,Try high-intensity interval training (HIIT) for quick workouts.,Limit salt intake to maintain healthy blood pressure.
335,Female,54,Engineer,8.4,9,30,3,Normal,125/80,65,5000,None,Take a walk in nature to clear your mind and reduce stress.,Adjust your bedroom temperature for optimal comfort.,Start with 10-minute walks and gradually increase activity.,Switch to whole grains instead of refined carbs.
336,Female,54,Engineer,8.4,9,30,3,Normal,125/80,65,5000,None,Practice deep breathing exercises to lower stress levels.,Use a weighted blanket to improve sleep quality.,Join a recreational sports team to stay motivated.,Drink green tea to boost metabolism.
337,Female,54,Engineer,8.4,9,30,3,Normal,125/80,65,5000,None,Connect with a support group to talk about your concerns.,Create a calming bedtime ritual like reading or stretching.,Add moderate cardio activities like swimming or cycling.,Incorporate more fruits and vegetables into your meals.
338,Female,54,Engineer,8.4,9,30,3,Normal,125/80,65,5000,None,Connect with a support group to talk about your concerns.,Use a weighted blanket to improve sleep quality.,Incorporate strength training twice a week to build muscle.,Limit salt intake to maintain healthy blood pressure.
339,Female,54,Engineer,8.5,9,30,3,Normal,125/80,65,5000,None,Take a walk in nature to clear your mind and reduce stress.,Maintain a strict bedtime to regulate your sleep cycle.,Start with 10-minute walks and gradually increase activity.,Switch to whole grains instead of refined carbs.
340,Female,55,Nurse,8.1,9,75,4,Overweight,140/95,72,5000,Sleep Apnea,Connect with a support group to talk about your concerns.,Avoid caffeine after 3 PM to improve sleep quality.,Add moderate cardio activities like swimming or cycling.,Incorporate more fruits and vegetables into your meals.
341,Female,55,Nurse,8.1,9,75,4,Overweight,140/95,72,5000,Sleep Apnea,Engage in 20-minute mindfulness meditation sessions.,Use a weighted blanket to improve sleep quality.,Add moderate cardio activities like swimming or cycling.,Drink green tea to boost metabolism.
342,Female,56,Doctor,8.2,9,90,3,Normal Weight,118/75,65,10000,None,Set boundaries at work to avoid burnout.,Avoid caffeine after 3 PM to improve sleep quality.,Add moderate cardio activities like swimming or cycling.,Switch to whole grains instead of refined carbs.
343,Female,56,Doctor,8.2,9,90,3,Normal Weight,118/75,65,10000,None,Connect with a support group to talk about your concerns.,Use a weighted blanket to improve sleep quality.,Incorporate strength training twice a week to build muscle.,Limit salt intake to maintain healthy blood pressure.
344,Female,57,Nurse,8.1,9,75,3,Overweight,140/95,68,7000,None,Take a walk in nature to clear your mind and reduce stress.,Use a weighted blanket to improve sleep quality.,Add moderate cardio activities like swimming or cycling.,Switch to whole grains instead of refined carbs.
345,Female,57,Nurse,8.2,9,75,3,Overweight,140/95,68,7000,Sleep Apnea,Practice deep breathing exercises to lower stress levels.,Use a weighted blanket to improve sleep quality.,Join a recreational sports team to stay motivated.,Drink green tea to boost metabolism.
346,Female,57,Nurse,8.2,9,75,3,Overweight,140/95,68,7000,Sleep Apnea,Connect with a support group to talk about your concerns.,Use a weighted blanket to improve sleep quality.,Try high-intensity interval training (HIIT) for quick workouts.,Follow a balanced meal plan rich in lean protein and fiber.
347,Female,57,Nurse,8.2,9,75,3,Overweight,140/95,68,7000,Sleep Apnea,Take a walk in nature to clear your mind and reduce stress.,Use a weighted blanket to improve sleep quality.,Incorporate strength training twice a week to build muscle.,Switch to whole grains instead of refined carbs.
348,Female,57,Nurse,8.2,9,75,3,Overweight,140/95,68,7000,Sleep Apnea,Set boundaries at work to avoid burnout.,Adjust your bedroom temperature for optimal comfort.,Incorporate strength training twice a week to build muscle.,Drink green tea to boost metabolism.
349,Female,57,Nurse,8.2,9,75,3,Overweight,140/95,68,7000,Sleep Apnea,Take a walk in nature to clear your mind and reduce stress.,Maintain a strict bedtime to regulate your sleep cycle.,Incorporate strength training twice a week to build muscle.,Limit salt intake to maintain healthy blood pressure.
350,Female,57,Nurse,8.1,9,75,3,Overweight,140/95,68,7000,Sleep Apnea,Set boundaries at work to avoid burnout.,Adjust your bedroom temperature for optimal comfort.,Join a recreational sports team to stay motivated.,Drink green tea to boost metabolism.
351,Female,57,Nurse,8.1,9,75,3,Overweight,140/95,68,7000,Sleep Apnea,Practice deep breathing exercises to lower stress levels.,Adjust your bedroom temperature for optimal comfort.,Join a recreational sports team to stay motivated.,Limit salt intake to maintain healthy blood pressure.
352,Female,57,Nurse,8.1,9,75,3,Overweight,140/95,68,7000,Sleep Apnea,Take a walk in nature to clear your mind and reduce stress.,Maintain a strict bedtime to regulate your sleep cycle.,Try high-intensity interval training (HIIT) for quick workouts.,Follow a balanced meal plan rich in lean protein and fiber.
353,Female,58,Nurse,8.0,9,75,3,Overweight,140/95,68,7000,Sleep Apnea,Practice deep breathing exercises to lower stress levels.,Maintain a strict bedtime to regulate your sleep cycle.,Incorporate strength training twice a week to build muscle.,Switch to whole grains instead of refined carbs.
354,Female,58,Nurse,8.0,9,75,3,Overweight,140/95,68,7000,Sleep Apnea,Practice deep breathing exercises to lower stress levels.,Maintain a strict bedtime to regulate your sleep cycle.,Join a recreational sports team to stay motivated.,Incorporate more fruits and vegetables into your meals.
355,Female,58,Nurse,8.0,9,75,3,Overweight,140/95,68,7000,Sleep Apnea,Set boundaries at work to avoid burnout.,Avoid caffeine after 3 PM to improve sleep quality.,Join a recreational sports team to stay motivated.,Switch to whole grains instead of refined carbs.
356,Female,58,Nurse,8.0,9,75,3,Overweight,140/95,68,7000,Sleep Apnea,Engage in 20-minute mindfulness meditation sessions.,Avoid caffeine after 3 PM to improve sleep quality.,Add moderate cardio activities like swimming or cycling.,Switch to whole grains instead of refined carbs.
357,Female,58,Nurse,8.0,9,75,3,Overweight,140/95,68,7000,Sleep Apnea,Connect with a support group to talk about your concerns.,Avoid caffeine after 3 PM to improve sleep quality.,Start with low-impact exercises like walking or yoga.,Limit salt intake to maintain healthy blood pressure.
358,Female,58,Nurse,8.0,9,75,3,Overweight,140/95,68,7000,Sleep Apnea,Practice deep breathing exercises to lower stress levels.,Adjust your bedroom temperature for optimal comfort.,Try high-intensity interval training (HIIT) for quick workouts.,Follow a balanced meal plan rich in lean protein and fiber.
359,Female,59,Nurse,8.0,9,75,3,Overweight,140/95,68,7000,None,Connect with a support group to talk about your concerns.,Avoid caffeine after 3 PM to improve sleep quality.,Add moderate cardio activities like swimming or cycling.,Switch to whole grains instead of refined carbs.
360,Female,59,Nurse,8.1,9,75,3,Overweight,140/95,68,7000,None,Connect with a support group to talk about your concerns.,Avoid caffeine after 3 PM to improve sleep quality.,Add moderate cardio activities like swimming or cycling.,Switch to whole grains instead of refined carbs.
361,Female,59,Nurse,8.2,9,75,3,Overweight,140/95,68,7000,Sleep Apnea,Engage in 20-minute mindfulness meditation sessions.,Maintain a strict bedtime to regulate your sleep cycle.,Add moderate cardio activities like swimming or cycling.,Limit salt intake to maintain healthy blood pressure.
362,Female,59,Nurse,8.2,9,75,3,Overweight,140/95,68,7000,Sleep Apnea,Connect with a support group to talk about your concerns.,Adjust your bedroom temperature for optimal comfort.,Start with low-impact exercises like walking or yoga.,Switch to whole grains instead of refined carbs.
363,Female,59,Nurse,8.2,9,75,3,Overweight,140/95,68,7000,Sleep Apnea,Take a walk in nature to clear your mind and reduce stress.,Maintain a strict bedtime to regulate your sleep cycle.,Incorporate strength training twice a week to build muscle.,Limit salt intake to maintain healthy blood pressure.
364,Female,59,Nurse,8.2,9,75,3,Overweight,140/95,68,7000,Sleep Apnea,Connect with a support group to talk about your concerns.,Adjust your bedroom temperature for optimal comfort.,Try high-intensity interval training (HIIT) for quick workouts.,Switch to whole grains instead of refined carbs.
365,Female,59,Nurse,8.0,9,75,3,Overweight,140/95,68,7000,Sleep Apnea,Connect with a support group to talk about your concerns.,Use a weighted blanket to improve sleep quality.,Incorporate strength training twice a week to build muscle.,Switch to whole grains instead of refined carbs.
366,Female,59,Nurse,8.0,9,75,3,Overweight,140/95,68,7000,Sleep Apnea,Set boundaries at work to avoid burnout.,Adjust your bedroom temperature for optimal comfort.,Incorporate strength training twice a week to build muscle.,Drink green tea to boost metabolism.
367,Female,59,Nurse,8.1,9,75,3,Overweight,140/95,68,7000,Sleep Apnea,Engage in 20-minute mindfulness meditation sessions.,Adjust your bedroom temperature for optimal comfort.,Start with low-impact exercises like walking or yoga.,Follow a balanced meal plan rich in lean protein and fiber.
368,Female,59,Nurse,8.0,9,75,3,Overweight,140/95,68,7000,Sleep Apnea,Take a walk in nature to clear your mind and reduce stress.,Create a calming bedtime ritual like reading or stretching.,Try high-intensity interval training (HIIT) for quick workouts.,Drink green tea to boost metabolism.
369,Female,59,Nurse,8.1,9,75,3,Overweight,140/95,68,7000,Sleep Apnea,Set boundaries at work to avoid burnout.,Use a weighted blanket to improve sleep quality.,Add moderate cardio activities like swimming or cycling.,Limit salt intake to maintain healthy blood pressure.
370,Female,59,Nurse,8.1,9,75,3,Overweight,140/95,68,7000,Sleep Apnea,Connect with a support group to talk about your concerns.,Avoid caffeine after 3 PM to improve sleep quality.,Join a recreational sports team to stay motivated.,Follow a balanced meal plan rich in lean protein and fiber.
371,Female,59,Nurse,8.0,9,75,3,Overweight,140/95,68,7000,Sleep Apnea,Practice deep breathing exercises to lower stress levels.,Create a calming bedtime ritual like reading or stretching.,Try high-intensity interval training (HIIT) for quick workouts.,Limit salt intake to maintain healthy blood pressure.
372,Female,59,Nurse,8.1,9,75,3,Overweight,140/95,68,7000,Sleep Apnea,Practice deep breathing exercises to lower stress levels.,Create a calming bedtime ritual like reading or stretching.,Start with low-impact exercises like walking or yoga.,Switch to whole grains instead of refined carbs.
373,Female,59,Nurse,8.1,9,75,3,Overweight,140/95,68,7000,Sleep Apnea,Set boundaries at work to avoid burnout.,Maintain a strict bedtime to regulate your sleep cycle.,Incorporate strength training twice a week to build muscle.,Incorporate more fruits and vegetables into your meals.
374,Female,59,Nurse,8.1,9,75,3,Overweight,140/95,68,7000,Sleep Apnea,Practice deep breathing exercises to lower stress levels.,Adjust your bedroom temperature for optimal comfort.,Try high-intensity interval training (HIIT) for quick workouts.,Drink green tea to boost metabolism.
